ID,gCF,gCF_N,gDF1,gDF1_N,gDF2,gDF2_N,gDFP,gDFP_N,gN,sCF,sCF_N,sDF1,sDF1_N,sDF2,sDF2_N,sN,posterior_prob,branchlength,chrom,Node_17,Node_18,Node_19,Pop_Nodes
1,95.8,433,0.22,1,0,0,3.98,18,452,94.6,3270.18,2.81,88.83,2.59,83.57,3442.58,100,0.00344279,Z,FALSE,FALSE,FALSE,FALSE
2,63.05,285,0.88,4,1.55,7,34.51,156,452,86.08,986.62,8.57,103.63,5.35,61.51,1151.76,100,0.00131878,Z,FALSE,FALSE,FALSE,FALSE
3,35.4,160,4.87,22,10.84,49,48.89,221,452,54.28,219.25,14.69,57.48,31.03,131.59,408.32,100,0.000463431,Z,FALSE,FALSE,FALSE,FALSE
4,50.22,227,7.96,36,6.64,30,35.18,159,452,79.9,186.46,14.94,34.87,5.15,11.07,232.4,100,0.00107274,Z,FALSE,FALSE,FALSE,FALSE
5,26.77,121,14.82,67,14.38,65,44.03,199,452,65.55,102.27,14.93,20.01,19.52,27.69,149.97,100,0.00038724,Z,FALSE,FALSE,FALSE,FALSE
6,55.97,253,4.65,21,1.33,6,38.05,172,452,86.03,579.59,6.98,43.76,6.99,43.4,666.75,100,0.00121226,Z,FALSE,FALSE,FALSE,FALSE
7,34.51,156,15.71,71,18.14,82,31.64,143,452,52.27,144.85,21.52,57.26,26.21,72.28,274.39,100,0.000230884,Z,FALSE,FALSE,FALSE,FALSE
8,56.19,254,13.05,59,5.75,26,25,113,452,80.16,371.52,10.32,46.31,9.51,41.54,459.37,100,0.000731489,Z,FALSE,FALSE,FALSE,FALSE
9,56.86,257,3.54,16,3.1,14,36.5,165,452,76.86,990.31,13.23,153.9,9.91,119.02,1263.23,100,0.000988461,Z,FALSE,FALSE,FALSE,FALSE
10,57.08,258,0.88,4,0.88,4,41.15,186,452,88.96,804.26,4.62,39.6,6.42,55.52,899.38,100,0.00175039,Z,FALSE,FALSE,FALSE,FALSE
11,34.96,158,5.31,24,10.62,48,49.12,222,452,62.4,166.78,12.7,34.58,24.89,65.85,267.21,100,0.000368829,Z,FALSE,FALSE,FALSE,FALSE
12,17.7,80,18.81,85,13.72,62,49.78,225,452,35.13,77.8,37.19,83.09,27.68,61.88,222.77,100,0.000150247,Z,FALSE,FALSE,FALSE,TRUE
13,40.93,185,8.41,38,7.08,32,43.58,197,452,69.64,156.24,14.74,34.24,15.62,35.46,225.94,100,0.000387815,Z,FALSE,FALSE,FALSE,FALSE
14,42.92,194,8.63,39,12.61,57,35.84,162,452,84.39,278.24,6.98,23.44,8.64,28.74,330.42,100,0.000980468,Z,FALSE,FALSE,FALSE,FALSE
15,44.47,201,0.44,2,0.66,3,54.42,246,452,74.39,379.09,12.94,59.52,12.67,59.14,497.75,100,0.00111888,Z,FALSE,FALSE,FALSE,FALSE
16,19.47,88,4.87,22,6.42,29,69.25,313,452,60.82,78.15,19.72,24.13,19.46,25.01,127.29,100,0.000600072,Z,FALSE,FALSE,FALSE,FALSE
17,7.3,33,5.75,26,1.55,7,85.4,386,452,48.56,132.07,26.36,70.34,25.07,60.48,262.89,100,0.000412468,Z,TRUE,FALSE,FALSE,FALSE
18,6.86,31,0.88,4,1.11,5,91.15,412,452,45.91,186.26,12,45.61,42.1,163.79,395.66,100,0.000505645,Z,FALSE,TRUE,FALSE,FALSE
19,6.64,30,0.88,4,9.07,41,83.41,377,452,28.85,91.24,8.51,30.23,62.64,238.74,360.21,100,0.000366787,Z,FALSE,FALSE,TRUE,FALSE
20,27.65,125,3.1,14,1.55,7,67.7,306,452,81.71,207.46,12.94,28.8,5.35,12.23,248.49,100,0.000898608,Z,FALSE,FALSE,FALSE,FALSE
21,11.5,52,4.2,19,12.83,58,71.46,323,452,62.01,190.26,24.21,59.16,13.78,36.46,285.88,100,0.000246005,Z,FALSE,FALSE,FALSE,FALSE
22,28.98,131,0.44,2,1.77,8,68.81,311,452,82.09,267.6,7.6,18.14,10.31,27.07,312.81,100,0.000572614,Z,FALSE,FALSE,FALSE,FALSE
23,13.05,59,1.33,6,1.11,5,84.51,382,452,60.19,198.32,24.5,74.56,15.31,49.6,322.48,100,0.000663615,Z,FALSE,FALSE,FALSE,FALSE
24,17.92,81,1.33,6,1.55,7,79.2,358,452,69.94,173.76,19.65,48.13,10.41,26.08,247.97,100,0.000406988,Z,FALSE,FALSE,FALSE,FALSE
25,11.28,51,7.08,32,15.27,69,66.37,300,452,48.3,52.24,17.59,18.73,34.11,34.67,105.64,100,0.000129382,Z,FALSE,FALSE,FALSE,TRUE
26,17.04,77,11.06,50,6.42,29,65.49,296,452,48.21,35.33,20.89,15.1,30.9,22.27,72.7,100,0.000155562,Z,FALSE,FALSE,FALSE,TRUE
27,16.81,76,1.99,9,4.87,22,76.33,345,452,82.84,129.75,8.5,13.28,8.65,13.53,156.56,100,0.000530155,Z,FALSE,FALSE,FALSE,FALSE
28,15.49,70,7.3,33,9.96,45,67.26,304,452,31.57,22.68,27.92,20.19,40.51,29.15,72.02,100,0.000108208,Z,FALSE,FALSE,FALSE,TRUE
29,29.87,135,9.51,43,8.19,37,52.43,237,452,89.18,88.13,6.7,6.72,4.12,4.27,99.12,100,0.000432515,Z,FALSE,FALSE,FALSE,FALSE
1,88.69,7954,0.83,74,0.41,37,10.07,903,8968,93.06,75234.36,3.89,3096.18,3.05,2471.1,80801.64,100,0.00344279,ma1,FALSE,FALSE,FALSE,FALSE
2,32.46,2911,3.99,358,1.17,105,62.38,5594,8968,72.13,27311.24,17.4,6991.75,10.46,4157.95,38460.94,100,0.00131878,ma1,FALSE,FALSE,FALSE,FALSE
3,15.72,1410,5.4,484,11.8,1058,67.08,6016,8968,39.21,6047.97,19.85,3109.76,40.95,6323.64,15481.37,100,0.000463431,ma1,FALSE,FALSE,FALSE,FALSE
4,55.11,4942,6.9,619,1.55,139,36.44,3268,8968,80.3,10292.4,14.68,1806.91,5.03,628.3,12727.61,100,0.00107274,ma1,FALSE,FALSE,FALSE,FALSE
5,21.62,1939,11.33,1016,11.69,1048,55.36,4965,8968,62.83,3595.36,17.16,962.83,20.02,1124.52,5682.71,100,0.00038724,ma1,FALSE,FALSE,FALSE,FALSE
6,47.59,4268,2.69,241,1.12,100,48.61,4359,8968,82.13,23692.73,10.72,2656.24,7.15,1853.53,28202.5,100,0.00121226,ma1,FALSE,FALSE,FALSE,FALSE
7,28.33,2541,20.67,1854,20.21,1812,30.79,2761,8968,43.26,4626.27,29.16,3077.03,27.58,2907.74,10611.04,100,0.000230884,ma1,FALSE,FALSE,FALSE,FALSE
8,59.85,5367,7.15,641,7.13,639,25.88,2321,8968,77.13,13382.92,12.07,2104.29,10.81,1888.17,17375.38,100,0.000731489,ma1,FALSE,FALSE,FALSE,FALSE
9,26.54,2380,5.03,451,2.94,264,65.49,5873,8968,61.09,24756.65,21.61,8350.03,17.3,6889.06,39995.74,100,0.000988461,ma1,FALSE,FALSE,FALSE,FALSE
10,40.6,3641,0.49,44,1.24,111,57.67,5172,8968,84.77,33136.5,6.5,2511.93,8.72,3358.31,39006.74,100,0.00175039,ma1,FALSE,FALSE,FALSE,FALSE
11,16.68,1496,6.13,550,14.09,1264,63.09,5658,8968,53.28,7513.07,18.64,2625.31,28.08,3987.57,14125.95,100,0.000368829,ma1,FALSE,FALSE,FALSE,FALSE
12,13.24,1187,13.07,1172,12.31,1104,61.38,5505,8968,31.3,2750.76,35.12,3087.48,33.58,2953.51,8791.75,100,0.000150247,ma1,FALSE,FALSE,FALSE,TRUE
13,34.66,3108,9.27,831,8.73,783,47.35,4246,8968,64.45,5842.58,18.05,1646.75,17.5,1590.9,9080.23,100,0.000387815,ma1,FALSE,FALSE,FALSE,FALSE
14,60.72,5445,4.76,427,3.81,342,30.71,2754,8968,87.1,16849.27,7.03,1335.62,5.87,1112.11,19297,100,0.000980468,ma1,FALSE,FALSE,FALSE,FALSE
15,26.45,2372,1.07,96,1.55,139,70.93,6361,8968,69.23,15581.27,13.77,3107.41,17,3838.21,22526.89,100,0.00111888,ma1,FALSE,FALSE,FALSE,FALSE
16,27.22,2441,4.46,400,4.04,362,64.28,5765,8968,70.67,4946.53,15.45,1074.39,13.87,964.14,6985.06,100,0.000600072,ma1,FALSE,FALSE,FALSE,FALSE
17,7.74,694,3.37,302,2.07,186,86.82,7786,8968,43.85,5354.92,28.55,3545.28,27.6,3378.13,12278.33,100,0.000412468,ma1,TRUE,FALSE,FALSE,FALSE
18,7.65,686,1.1,99,2.22,199,89.03,7984,8968,50.1,6963.35,17.47,2273.62,32.43,4635.47,13872.44,100,0.000505645,ma1,FALSE,TRUE,FALSE,FALSE
19,9.31,835,2.41,216,8.15,731,80.13,7186,8968,40.63,3896.19,13.23,1334.46,46.14,4946.05,10176.7,100,0.000366787,ma1,FALSE,FALSE,TRUE,FALSE
20,39.37,3531,3.14,282,4.59,412,52.89,4743,8968,72.88,5873.49,13.86,1158.43,13.26,1114.14,8146.06,100,0.000898608,ma1,FALSE,FALSE,FALSE,FALSE
21,16.26,1458,9.59,860,7.88,707,66.27,5943,8968,66.55,4895.98,17.49,1155.39,15.96,1081.21,7132.58,100,0.000246005,ma1,FALSE,FALSE,FALSE,FALSE
22,27.56,2472,2.82,253,3.08,276,66.54,5967,8968,74.45,7269.96,12.54,1099.53,13,1120.64,9490.13,100,0.000572614,ma1,FALSE,FALSE,FALSE,FALSE
23,13.02,1168,0.78,70,0.66,59,85.54,7671,8968,64.75,10495.2,17.08,2788.07,18.17,2997.3,16280.57,100,0.000663615,ma1,FALSE,FALSE,FALSE,FALSE
24,10.2,915,3.23,290,2.41,216,84.15,7547,8968,54.43,4888.7,25.78,2294.67,19.79,1752.01,8935.38,100,0.000406988,ma1,FALSE,FALSE,FALSE,FALSE
25,7.43,666,8.12,728,9,807,75.46,6767,8968,42.19,1660.71,27.43,1082.07,30.38,1190.14,3932.92,100,0.000129382,ma1,FALSE,FALSE,FALSE,TRUE
26,13.08,1173,7.43,666,8.08,725,71.41,6404,8968,47.55,1064.74,27.66,627.7,24.78,568.2,2260.64,100,0.000155562,ma1,FALSE,FALSE,FALSE,TRUE
27,19.03,1707,2.23,200,1.74,156,77,6905,8968,71.99,5033.83,15.56,1072.15,12.45,850.73,6956.71,100,0.000530155,ma1,FALSE,FALSE,FALSE,FALSE
28,17.95,1610,11.05,991,13.7,1229,57.29,5138,8968,31.07,1375.89,34.22,1525.59,34.71,1535.79,4437.27,100,0.000108208,ma1,FALSE,FALSE,FALSE,TRUE
29,37.59,3371,8.83,792,10.23,917,43.35,3888,8968,73.31,5137.79,12.04,859.8,14.65,1035.36,7032.95,100,0.000432515,ma1,FALSE,FALSE,FALSE,FALSE
1,89.35,5722,0.8,51,0.34,22,9.51,609,6404,92.67,55822.79,4.11,2472.76,3.23,1961.28,60256.83,100,0.00344279,ma2,FALSE,FALSE,FALSE,FALSE
2,34.56,2213,4.29,275,0.91,58,60.24,3858,6404,73.59,17399.06,16.92,4257.2,9.49,2366.82,24023.08,100,0.00131878,ma2,FALSE,FALSE,FALSE,FALSE
3,16.33,1046,5.23,335,12.09,774,66.35,4249,6404,40.83,4448.34,19.88,2164.57,39.3,4190.62,10803.53,100,0.000463431,ma2,FALSE,FALSE,FALSE,FALSE
4,56.01,3587,6.76,433,1.69,108,35.54,2276,6404,80.37,7501.14,14.66,1328.18,4.97,437.28,9266.6,100,0.00107274,ma2,FALSE,FALSE,FALSE,FALSE
5,21.13,1353,12.32,789,11.74,752,54.81,3510,6404,65.76,2342.7,17.43,614.9,16.81,591.44,3549.04,100,0.00038724,ma2,FALSE,FALSE,FALSE,FALSE
6,48.39,3099,3.08,197,1.31,84,47.22,3024,6404,80.95,16898.98,11.71,2248.4,7.34,1455.37,20602.75,100,0.00121226,ma2,FALSE,FALSE,FALSE,FALSE
7,30.34,1943,19.83,1270,19.85,1271,29.98,1920,6404,48.53,3999.23,24.34,1992.45,27.13,2220.56,8212.24,100,0.000230884,ma2,FALSE,FALSE,FALSE,FALSE
8,60.6,3881,7.31,468,6.96,446,25.12,1609,6404,74.47,10333.75,13.79,1941.42,11.74,1650.25,13925.42,100,0.000731489,ma2,FALSE,FALSE,FALSE,FALSE
9,28.12,1801,5.2,333,3.47,222,63.21,4048,6404,60.53,16809.91,21.97,5811.21,17.5,4774.98,27396.1,100,0.000988461,ma2,FALSE,FALSE,FALSE,FALSE
10,42.27,2707,0.45,29,1.19,76,56.09,3592,6404,85.2,26924.91,6.34,1996.62,8.46,2625.38,31546.91,100,0.00175039,ma2,FALSE,FALSE,FALSE,FALSE
11,16.35,1047,6.11,391,13.57,869,63.98,4097,6404,52.51,5646.9,19.16,2076.24,28.33,3099.9,10823.04,100,0.000368829,ma2,FALSE,FALSE,FALSE,FALSE
12,13.15,842,12.1,775,13.98,895,60.77,3892,6404,32.52,2000.67,31.74,1962.38,35.74,2219.03,6182.08,100,0.000150247,ma2,FALSE,FALSE,FALSE,TRUE
13,33.37,2137,8.99,576,9.2,589,48.44,3102,6404,58.74,3843.01,21.85,1445.26,19.41,1277.27,6565.54,100,0.000387815,ma2,FALSE,FALSE,FALSE,FALSE
14,60.65,3884,5.17,331,3.76,241,30.42,1948,6404,87.94,11606.11,6.2,804.38,5.87,757.34,13167.83,100,0.000980468,ma2,FALSE,FALSE,FALSE,FALSE
15,26.44,1693,0.86,55,1.44,92,71.27,4564,6404,67.4,10536.41,14.78,2333.41,17.82,2763.99,15633.81,100,0.00111888,ma2,FALSE,FALSE,FALSE,FALSE
16,25.78,1651,5,320,4.23,271,64.99,4162,6404,67.99,3646.79,16.66,887.35,15.35,818.5,5352.64,100,0.000600072,ma2,FALSE,FALSE,FALSE,FALSE
17,6.17,395,3.48,223,2.23,143,88.12,5643,6404,41.76,3553.57,29.7,2568.21,28.54,2429.32,8551.1,100,0.000412468,ma2,TRUE,FALSE,FALSE,FALSE
18,8.82,565,1.14,73,2.3,147,87.74,5619,6404,47.52,5684.78,17.79,2057.64,34.68,4157.27,11899.69,100,0.000505645,ma2,FALSE,TRUE,FALSE,FALSE
19,9.57,613,1.84,118,8.78,562,79.81,5111,6404,39.06,3064.76,13.01,1048.22,47.93,3955.35,8068.33,100,0.000366787,ma2,FALSE,FALSE,TRUE,FALSE
20,38.34,2455,3.47,222,4.65,298,53.54,3429,6404,73.13,4742.24,13.5,901.86,13.37,898.49,6542.59,100,0.000898608,ma2,FALSE,FALSE,FALSE,FALSE
21,18.6,1191,7.62,488,8.82,565,64.96,4160,6404,62.01,3831.92,19.58,1087.22,18.41,988.3,5907.44,100,0.000246005,ma2,FALSE,FALSE,FALSE,FALSE
22,29.61,1896,3.06,196,2.98,191,64.35,4121,6404,74.15,5466.37,12.89,856.91,12.96,856.14,7179.42,100,0.000572614,ma2,FALSE,FALSE,FALSE,FALSE
23,13.07,837,0.69,44,1,64,85.24,5459,6404,64.96,7846.32,16.54,2123.56,18.5,2376.6,12346.48,100,0.000663615,ma2,FALSE,FALSE,FALSE,FALSE
24,11.87,760,2.81,180,2.3,147,83.03,5317,6404,56.57,3826.43,24.58,1673.78,18.85,1287.25,6787.46,100,0.000406988,ma2,FALSE,FALSE,FALSE,FALSE
25,7.51,481,9.09,582,9.09,582,74.31,4759,6404,40.56,1229.31,29.1,900.23,30.33,906.07,3035.61,100,0.000129382,ma2,FALSE,FALSE,FALSE,TRUE
26,13.09,838,7.87,504,8.62,552,70.42,4510,6404,48.06,891.38,27.47,524.19,24.47,463.82,1879.39,100,0.000155562,ma2,FALSE,FALSE,FALSE,TRUE
27,20.05,1284,2.42,155,1.94,124,75.59,4841,6404,71.53,4228.29,15.86,936.49,12.61,725.42,5890.2,100,0.000530155,ma2,FALSE,FALSE,FALSE,FALSE
28,18.07,1157,11.59,742,16.05,1028,54.29,3477,6404,31.36,1050.44,38.6,1324.38,30.04,1018,3392.82,100,0.000108208,ma2,FALSE,FALSE,FALSE,TRUE
29,46.49,2977,7.68,492,7.75,496,38.09,2439,6404,79.49,5435.96,8.47,585.43,12.04,834.4,6855.79,100,0.000432515,ma2,FALSE,FALSE,FALSE,FALSE
1,92.41,5185,0.7,39,0.37,21,6.52,366,5611,95.47,47111.44,2.49,1224.1,2.04,1012.57,49348.11,100,0.00344279,ma3,FALSE,FALSE,FALSE,FALSE
2,40.74,2286,3.64,204,1.02,57,54.61,3064,5611,77.57,16617.97,14.07,3236.68,8.36,1911.09,21765.74,100,0.00131878,ma3,FALSE,FALSE,FALSE,FALSE
3,21.03,1180,4.56,256,11.48,644,62.93,3531,5611,47.44,4212.36,17.98,1611.39,34.58,3008.86,8832.61,100,0.000463431,ma3,FALSE,FALSE,FALSE,FALSE
4,56.35,3162,7.57,425,2.05,115,34.02,1909,5611,81.16,5493.38,13.72,931.42,5.13,331.88,6756.68,100,0.00107274,ma3,FALSE,FALSE,FALSE,FALSE
5,21.89,1228,13.72,770,13.3,746,51.1,2867,5611,67.56,1876.3,15.57,424.14,16.87,458.97,2759.41,100,0.00038724,ma3,FALSE,FALSE,FALSE,FALSE
6,48.21,2705,3.19,179,1.23,69,47.37,2658,5611,81.07,12254.91,11.47,1570.15,7.46,1039.16,14864.22,100,0.00121226,ma3,FALSE,FALSE,FALSE,FALSE
7,29.12,1634,18.7,1049,19.96,1120,32.22,1808,5611,47.32,2882.03,25.82,1556.13,26.86,1619.21,6057.37,100,0.000230884,ma3,FALSE,FALSE,FALSE,FALSE
8,57.17,3208,9.07,509,6.91,388,26.84,1506,5611,75.08,7538.31,13.83,1395.24,11.09,1114.06,10047.61,100,0.000731489,ma3,FALSE,FALSE,FALSE,FALSE
9,31.56,1771,5.74,322,4.4,247,58.3,3271,5611,63.63,14849.25,19.5,4380.36,16.86,3879.84,23109.45,100,0.000988461,ma3,FALSE,FALSE,FALSE,FALSE
10,48.3,2710,0.39,22,1.43,80,49.88,2799,5611,88.67,23729.31,4.56,1213.07,6.77,1787.38,26729.76,100,0.00175039,ma3,FALSE,FALSE,FALSE,FALSE
11,17.11,960,6.59,370,15.33,860,60.97,3421,5611,53.19,4312.71,18.44,1498.47,28.36,2340.11,8151.29,100,0.000368829,ma3,FALSE,FALSE,FALSE,FALSE
12,13.24,743,12.99,729,11.26,632,62.5,3507,5611,33.74,1527.66,33.82,1535.2,32.45,1471.19,4534.05,100,0.000150247,ma3,FALSE,FALSE,FALSE,TRUE
13,31.76,1782,9.16,514,9.48,532,49.6,2783,5611,58.88,2918.22,20.09,995.76,21.03,1046.58,4960.56,100,0.000387815,ma3,FALSE,FALSE,FALSE,FALSE
14,58.35,3274,5.1,286,4.12,231,32.44,1820,5611,84.89,9268.1,7.77,838.17,7.34,779.4,10885.67,100,0.000980468,ma3,FALSE,FALSE,FALSE,FALSE
15,33.35,1871,0.98,55,1.16,65,64.52,3620,5611,73.63,10280.59,11.97,1679.28,14.4,1992.8,13952.67,100,0.00111888,ma3,FALSE,FALSE,FALSE,FALSE
16,26.36,1479,4.65,261,4.35,244,64.64,3627,5611,72.24,2717.5,14.57,539.83,13.19,484.31,3741.64,100,0.000600072,ma3,FALSE,FALSE,FALSE,FALSE
17,6.29,353,4.56,256,2.85,160,86.29,4842,5611,39.46,2770.12,31.76,2255.87,28.78,2019.04,7045.03,100,0.000412468,ma3,TRUE,FALSE,FALSE,FALSE
18,8.31,466,0.75,42,2.48,139,88.47,4964,5611,53.94,4852.6,15.87,1356.26,30.2,2720.62,8929.48,100,0.000505645,ma3,FALSE,TRUE,FALSE,FALSE
19,9.04,507,1.85,104,8.31,466,80.81,4534,5611,37.46,1989.79,13.6,760.28,48.95,2872.89,5622.96,100,0.000366787,ma3,FALSE,FALSE,TRUE,FALSE
20,39.99,2244,2.85,160,3.62,203,53.54,3004,5611,76.38,3524.67,10.3,504.28,13.32,657.16,4686.11,100,0.000898608,ma3,FALSE,FALSE,FALSE,FALSE
21,14.24,799,10.92,613,7.98,448,66.85,3751,5611,58.57,2718.7,23.89,999.39,17.54,756.41,4474.5,100,0.000246005,ma3,FALSE,FALSE,FALSE,FALSE
22,23.99,1346,2.96,166,4.05,227,69.01,3872,5611,73.28,3289.47,12.82,516.22,13.9,544.78,4350.47,100,0.000572614,ma3,FALSE,FALSE,FALSE,FALSE
23,13.72,770,0.61,34,0.55,31,85.12,4776,5611,65.16,5947.83,16.53,1562.71,18.31,1746.19,9256.73,100,0.000663615,ma3,FALSE,FALSE,FALSE,FALSE
24,8.54,479,3.26,183,2.32,130,85.88,4819,5611,56.36,2930.12,25.08,1270.31,18.56,961.2,5161.63,100,0.000406988,ma3,FALSE,FALSE,FALSE,FALSE
25,6.56,368,7.84,440,8.57,481,77.03,4322,5611,42.21,839.33,27.82,558.53,29.96,583.48,1981.34,100,0.000129382,ma3,FALSE,FALSE,FALSE,TRUE
26,12.3,690,6.18,347,7.41,416,74.1,4158,5611,42.99,570.32,28.72,383.2,28.3,377.43,1330.95,100,0.000155562,ma3,FALSE,FALSE,FALSE,TRUE
27,17.07,958,1.82,102,2.03,114,79.08,4437,5611,69.16,2912.17,16.88,709.57,13.96,569.05,4190.79,100,0.000530155,ma3,FALSE,FALSE,FALSE,FALSE
28,15.84,889,13.49,757,10.89,611,59.78,3354,5611,32.8,1013.31,31.22,983.87,35.98,1117.73,3114.91,100,0.000108208,ma3,FALSE,FALSE,FALSE,TRUE
29,30.56,1715,12.42,697,11.78,661,45.23,2538,5611,64.41,3532.77,18.05,1000.19,17.54,959.19,5492.15,100,0.000432515,ma3,FALSE,FALSE,FALSE,FALSE
1,93.75,1754,0.43,8,0.43,8,5.4,101,1871,95.23,17184.5,2.66,470.11,2.11,374.57,18029.18,100,0.00344279,ma4,FALSE,FALSE,FALSE,FALSE
2,38.59,722,4.12,77,1.18,22,56.12,1050,1871,77.63,5233.44,14.27,1068.48,8.1,571.29,6873.21,100,0.00131878,ma4,FALSE,FALSE,FALSE,FALSE
3,20.68,387,6.15,115,10.42,195,62.75,1174,1871,44.76,1340.9,18.89,573.05,36.35,1080.74,2994.69,100,0.000463431,ma4,FALSE,FALSE,FALSE,FALSE
4,53.02,992,6.47,121,2.78,52,37.73,706,1871,72.78,1675.89,19.67,441.81,7.55,168.6,2286.3,100,0.00107274,ma4,FALSE,FALSE,FALSE,FALSE
5,19.88,372,11.81,221,14.8,277,53.5,1001,1871,63.64,564.46,19.41,162.04,16.95,143.51,870.01,100,0.00038724,ma4,FALSE,FALSE,FALSE,FALSE
6,48.42,906,3.1,58,1.66,31,46.82,876,1871,82.89,4448.95,10.58,508.51,6.53,330.29,5287.75,100,0.00121226,ma4,FALSE,FALSE,FALSE,FALSE
7,31.27,585,19.29,361,17.21,322,32.23,603,1871,52.4,937.58,24.15,424.23,23.44,415.83,1777.64,100,0.000230884,ma4,FALSE,FALSE,FALSE,FALSE
8,58.1,1087,8.44,158,8.66,162,24.8,464,1871,79.53,2278.18,10.92,312.45,9.54,275.62,2866.25,100,0.000731489,ma4,FALSE,FALSE,FALSE,FALSE
9,30.73,575,6.15,115,4.38,82,58.74,1099,1871,62.54,5002.98,19.76,1512.4,17.7,1386.69,7902.07,100,0.000988461,ma4,FALSE,FALSE,FALSE,FALSE
10,51.36,961,0.91,17,0.69,13,47.03,880,1871,90.84,8727.12,4.44,433.76,4.71,452.96,9613.84,100,0.00175039,ma4,FALSE,FALSE,FALSE,FALSE
11,17,318,6.25,117,15.07,282,61.68,1154,1871,48.38,1148.4,19.45,460.62,32.18,769.17,2378.19,100,0.000368829,ma4,FALSE,FALSE,FALSE,FALSE
12,13.95,261,14.22,266,13.79,258,58.04,1086,1871,30.29,448.49,32.66,487.52,37.05,553.27,1489.28,100,0.000150247,ma4,FALSE,FALSE,FALSE,TRUE
13,33.56,628,9.03,169,7.8,146,49.6,928,1871,61.3,843.73,21.15,292.23,17.55,242.73,1378.69,100,0.000387815,ma4,FALSE,FALSE,FALSE,FALSE
14,61.09,1143,5.77,108,3.96,74,29.18,546,1871,89.53,2958.4,5.45,177.75,5.02,163.32,3299.47,100,0.000980468,ma4,FALSE,FALSE,FALSE,FALSE
15,35.97,673,0.96,18,1.44,27,61.62,1153,1871,75.45,3502.68,10.86,506.13,13.69,636.46,4645.27,100,0.00111888,ma4,FALSE,FALSE,FALSE,FALSE
16,25.55,478,4.92,92,4.65,87,64.89,1214,1871,76.58,979.06,11.48,142.43,11.94,150.06,1271.55,100,0.000600072,ma4,FALSE,FALSE,FALSE,FALSE
17,6.57,123,4.65,87,2.51,47,86.26,1614,1871,40.25,858.95,31.5,691.89,28.25,621.02,2171.86,100,0.000412468,ma4,TRUE,FALSE,FALSE,FALSE
18,9.35,175,1.71,32,2.03,38,86.91,1626,1871,51.38,1402.77,20.22,531.08,28.39,782.02,2715.87,100,0.000505645,ma4,FALSE,TRUE,FALSE,FALSE
19,14.06,263,1.55,29,4.97,93,79.42,1486,1871,52.61,857.88,10.57,174.9,36.82,648.3,1681.08,100,0.000366787,ma4,FALSE,FALSE,TRUE,FALSE
20,36.93,691,3.69,69,6.15,115,53.23,996,1871,74.78,870.62,10.11,121.99,15.11,183.33,1175.94,100,0.000898608,ma4,FALSE,FALSE,FALSE,FALSE
21,12.29,230,11.01,206,9.41,176,67.29,1259,1871,57.62,591.54,21.27,195.21,21.12,193.71,980.46,100,0.000246005,ma4,FALSE,FALSE,FALSE,FALSE
22,25.33,474,3.31,62,4.38,82,66.97,1253,1871,74.71,1149.39,12.86,185.18,12.43,180.42,1514.99,100,0.000572614,ma4,FALSE,FALSE,FALSE,FALSE
23,14.38,269,0.86,16,0.59,11,84.18,1575,1871,65.9,1980.74,17.23,515.01,16.87,507.91,3003.66,100,0.000663615,ma4,FALSE,FALSE,FALSE,FALSE
24,10.53,197,3.37,63,2.14,40,83.97,1571,1871,58.91,906.76,25.65,377.94,15.44,236.58,1521.28,100,0.000406988,ma4,FALSE,FALSE,FALSE,FALSE
25,6.52,122,7.38,138,9.46,177,76.64,1434,1871,48.54,286.21,24.02,140.8,27.44,163.75,590.76,100,0.000129382,ma4,FALSE,FALSE,FALSE,TRUE
26,12.61,236,8.07,151,6.36,119,72.96,1365,1871,41.5,153.03,35.26,134.1,23.24,85.14,372.27,100,0.000155562,ma4,FALSE,FALSE,FALSE,TRUE
27,19.72,369,2.41,45,2.03,38,75.84,1419,1871,77.37,863.32,11.65,127.49,10.98,121.3,1112.11,100,0.000530155,ma4,FALSE,FALSE,FALSE,FALSE
28,17.58,329,11.81,221,13.31,249,57.3,1072,1871,27.49,151.35,43.63,243.47,28.88,161.75,556.57,100,0.000108208,ma4,FALSE,FALSE,FALSE,TRUE
29,39.55,740,7.11,133,7,131,46.34,867,1871,85.99,965.17,8.82,106.63,5.18,58.85,1130.65,100,0.000432515,ma4,FALSE,FALSE,FALSE,FALSE
1,91.02,1925,0.66,14,0.28,6,8.04,170,2115,94.55,18343.16,3.07,585.55,2.39,457.66,19386.37,100,0.00344279,ma5,FALSE,FALSE,FALSE,FALSE
2,33.43,707,4.92,104,0.61,13,61.04,1291,2115,71.74,5397.57,19.45,1633.94,8.82,703.51,7735.02,100,0.00131878,ma5,FALSE,FALSE,FALSE,FALSE
3,14.85,314,3.4,72,13.95,295,67.8,1434,2115,39.5,1376.19,15.88,557.6,44.62,1598.34,3532.13,100,0.000463431,ma5,FALSE,FALSE,FALSE,FALSE
4,42.98,909,12.48,264,1.7,36,42.84,906,2115,65.03,1575.91,28.24,687.85,6.74,159,2422.76,100,0.00107274,ma5,FALSE,FALSE,FALSE,FALSE
5,23.74,502,10.92,231,9.17,194,56.17,1188,2115,71.85,759.31,14.61,147.49,13.54,138.39,1045.19,100,0.00038724,ma5,FALSE,FALSE,FALSE,FALSE
6,51.63,1092,1.75,37,1.04,22,45.58,964,2115,83.99,5515.81,9.61,551.02,6.4,372.08,6438.91,100,0.00121226,ma5,FALSE,FALSE,FALSE,FALSE
7,30.54,646,21.04,445,19.43,411,28.98,613,2115,49.88,1058.16,25.15,525.88,24.97,521.43,2105.47,100,0.000230884,ma5,FALSE,FALSE,FALSE,FALSE
8,61.32,1297,7.23,153,7.94,168,23.5,497,2115,76.91,2821.87,12.68,469.53,10.41,383.79,3675.19,100,0.000731489,ma5,FALSE,FALSE,FALSE,FALSE
9,27.61,584,5.34,113,3.17,67,63.88,1351,2115,63.65,5808.07,21.09,1785.84,15.26,1351.55,8945.46,100,0.000988461,ma5,FALSE,FALSE,FALSE,FALSE
10,44.44,940,0.61,13,1.32,28,53.62,1134,2115,87.59,8239.55,5.25,492.98,7.16,653.53,9386.06,100,0.00175039,ma5,FALSE,FALSE,FALSE,FALSE
11,16.12,341,7.14,151,11.82,250,64.92,1373,2115,54.06,1558.51,19.89,578.03,26.05,760.43,2896.97,100,0.000368829,ma5,FALSE,FALSE,FALSE,FALSE
12,13.1,277,12.67,268,12.81,271,61.42,1299,2115,32.38,632.79,32.49,639.05,35.13,697.76,1969.6,100,0.000150247,ma5,FALSE,FALSE,FALSE,TRUE
13,31.77,672,9.74,206,9.36,198,49.13,1039,2115,61.07,1277.97,20.48,429.22,18.45,388.33,2095.52,100,0.000387815,ma5,FALSE,FALSE,FALSE,FALSE
14,60.43,1278,4.44,94,4.07,86,31.06,657,2115,89.79,3764.21,4.79,199.77,5.42,225.02,4189,100,0.000980468,ma5,FALSE,FALSE,FALSE,FALSE
15,34.61,732,1.32,28,1.51,32,62.55,1323,2115,75.38,4062.87,11.36,614.81,13.26,704.06,5381.74,100,0.00111888,ma5,FALSE,FALSE,FALSE,FALSE
16,28.18,596,4.07,86,4.07,86,63.69,1347,2115,76.35,992.97,12.24,156.65,11.42,146.9,1296.52,100,0.000600072,ma5,FALSE,FALSE,FALSE,FALSE
17,9.08,192,4.92,104,2.46,52,83.55,1767,2115,43.64,924.19,28.48,619.92,27.88,613.77,2157.88,100,0.000412468,ma5,TRUE,FALSE,FALSE,FALSE
18,8.84,187,0.76,16,2.03,43,88.37,1869,2115,48.5,1392.29,16.99,474.28,34.51,1025.53,2892.1,100,0.000505645,ma5,FALSE,TRUE,FALSE,FALSE
19,9.08,192,2.74,58,8.09,171,80.09,1694,2115,37.54,738.64,12.79,261.08,49.67,1074.17,2073.89,100,0.000366787,ma5,FALSE,FALSE,TRUE,FALSE
20,36.93,781,3.03,64,3.26,69,56.78,1201,2115,76.22,1261.67,9.67,167.77,14.11,245.67,1675.11,100,0.000898608,ma5,FALSE,FALSE,FALSE,FALSE
21,13,275,8.37,177,11.11,235,67.52,1428,2115,57.86,937.71,23.49,337.28,18.64,266.64,1541.63,100,0.000246005,ma5,FALSE,FALSE,FALSE,FALSE
22,27.75,587,2.98,63,2.46,52,66.81,1413,2115,78.82,1456.58,11.33,190.08,9.85,165.06,1811.72,100,0.000572614,ma5,FALSE,FALSE,FALSE,FALSE
23,13.33,282,0.99,21,0.52,11,85.15,1801,2115,66.69,2012.33,17.42,541.4,15.89,507.22,3060.95,100,0.000663615,ma5,FALSE,FALSE,FALSE,FALSE
24,10.21,216,3.22,68,2.22,47,84.35,1784,2115,56.23,1172.11,27.27,549.81,16.5,341.01,2062.93,100,0.000406988,ma5,FALSE,FALSE,FALSE,FALSE
25,5.77,122,7.99,169,10.59,224,75.65,1600,2115,37.15,284.35,25.47,201.66,37.38,268.5,754.51,100,0.000129382,ma5,FALSE,FALSE,FALSE,TRUE
26,13.43,284,5.15,109,7.61,161,73.81,1561,2115,56.15,223.77,24.52,101.17,19.32,76.73,401.67,100,0.000155562,ma5,FALSE,FALSE,FALSE,TRUE
27,18.2,385,2.17,46,2.46,52,77.16,1632,2115,74.52,986.1,14.45,186.4,11.03,137.23,1309.73,100,0.000530155,ma5,FALSE,FALSE,FALSE,FALSE
28,17.26,365,10.92,231,13.19,279,58.63,1240,2115,29.2,196.57,43.21,299.2,27.59,188.86,684.63,100,0.000108208,ma5,FALSE,FALSE,FALSE,TRUE
29,33.48,708,11.44,242,8.37,177,46.71,988,2115,73.07,885.59,15.18,189.57,11.75,148.53,1223.69,100,0.000432515,ma5,FALSE,FALSE,FALSE,FALSE
1,89.82,1103,0.57,7,0.9,11,8.71,107,1228,94.04,9785.51,3.13,338.29,2.82,306.7,10430.5,100,0.00344279,ma6,FALSE,FALSE,FALSE,FALSE
2,23.7,291,3.58,44,0.81,10,71.91,883,1228,73.46,3156.33,17.77,708.05,8.76,375.25,4239.63,100,0.00131878,ma6,FALSE,FALSE,FALSE,FALSE
3,9.61,118,7.17,88,5.21,64,78.01,958,1228,40.71,711.66,27.82,395.44,31.47,522.64,1629.74,100,0.000463431,ma6,FALSE,FALSE,FALSE,FALSE
4,59.85,735,2.85,35,0.81,10,36.48,448,1228,84.04,1186.97,12.99,186.06,2.97,42.74,1415.77,100,0.00107274,ma6,FALSE,FALSE,FALSE,FALSE
5,7.57,93,26.3,323,6.92,85,59.2,727,1228,42.88,182.04,42.74,188.18,14.38,61.22,431.44,100,0.00038724,ma6,FALSE,FALSE,FALSE,FALSE
6,47.31,581,1.47,18,0.9,11,50.33,618,1228,78.54,2919.57,12.18,476.03,9.28,365.59,3761.19,100,0.00121226,ma6,FALSE,FALSE,FALSE,FALSE
7,32.57,400,19.22,236,18.4,226,29.8,366,1228,39.95,962.38,35.56,830.04,24.49,578.32,2370.74,100,0.000230884,ma6,FALSE,FALSE,FALSE,FALSE
8,64.17,788,5.46,67,7.74,95,22.64,278,1228,76.02,2526.82,10.05,330.03,13.94,462.77,3319.62,100,0.000731489,ma6,FALSE,FALSE,FALSE,FALSE
9,23.21,285,4.8,59,2.93,36,69.06,848,1228,64.37,3489.91,19.99,897.69,15.65,805.56,5193.16,100,0.000988461,ma6,FALSE,FALSE,FALSE,FALSE
10,44.46,546,0.08,1,1.06,13,54.4,668,1228,89.01,5088.1,4.31,238.75,6.68,354.65,5681.5,100,0.00175039,ma6,FALSE,FALSE,FALSE,FALSE
11,18.16,223,5.37,66,15.15,186,61.32,753,1228,53.96,884.52,18.35,300.94,27.68,465.5,1650.96,100,0.000368829,ma6,FALSE,FALSE,FALSE,FALSE
12,11.97,147,13.6,167,15.31,188,59.12,726,1228,30.48,263.18,29.85,258.49,39.67,344.95,866.62,100,0.000150247,ma6,FALSE,FALSE,FALSE,TRUE
13,34.53,424,6.35,78,7.74,95,51.38,631,1228,57.45,595.11,25.51,267.13,17.04,175.5,1037.74,100,0.000387815,ma6,FALSE,FALSE,FALSE,FALSE
14,64.74,795,4.4,54,4.64,57,26.22,322,1228,90.1,2227.7,3.56,86.78,6.33,153.11,2467.59,100,0.000980468,ma6,FALSE,FALSE,FALSE,FALSE
15,40.72,500,0.49,6,0.57,7,58.22,715,1228,79.08,2225.63,8.75,256.21,12.17,348.41,2830.25,100,0.00111888,ma6,FALSE,FALSE,FALSE,FALSE
16,29.48,362,4.97,61,4.48,55,61.07,750,1228,79.17,603.53,11.55,87.36,9.28,70.13,761.02,100,0.000600072,ma6,FALSE,FALSE,FALSE,FALSE
17,8.22,101,3.91,48,2.77,34,85.1,1045,1228,42.91,495.01,30.49,357.25,26.6,307.79,1160.05,100,0.000412468,ma6,TRUE,FALSE,FALSE,FALSE
18,8.14,100,0.81,10,1.87,23,89.17,1095,1228,53.36,897.91,17.03,280.54,29.61,511.56,1690.01,100,0.000505645,ma6,FALSE,TRUE,FALSE,FALSE
19,7.65,94,2.52,31,9.2,113,80.62,990,1228,34.19,381.46,14.79,171.14,51.02,606.43,1159.03,100,0.000366787,ma6,FALSE,FALSE,TRUE,FALSE
20,38.27,470,2.04,25,3.09,38,56.6,695,1228,78.12,681.63,8.28,74.65,13.61,126.48,882.76,100,0.000898608,ma6,FALSE,FALSE,FALSE,FALSE
21,12.13,149,7.9,97,9.77,120,70.2,862,1228,60.36,482.22,18.9,147.53,20.74,161.37,791.12,100,0.000246005,ma6,FALSE,FALSE,FALSE,FALSE
22,22.96,282,2.69,33,3.01,37,71.34,876,1228,73.12,627.96,16.03,122.7,10.85,85.27,835.93,100,0.000572614,ma6,FALSE,FALSE,FALSE,FALSE
23,12.62,155,0.65,8,1.06,13,85.67,1052,1228,63.49,988.86,16.99,278.67,19.52,325.14,1592.67,100,0.000663615,ma6,FALSE,FALSE,FALSE,FALSE
24,12.3,151,1.71,21,2.52,31,83.47,1025,1228,58.69,564.5,24.36,229.62,16.95,170.88,965,100,0.000406988,ma6,FALSE,FALSE,FALSE,FALSE
25,8.71,107,7.74,95,11.32,139,72.23,887,1228,40.78,149.4,27.41,104.54,31.81,115.03,368.97,100,0.000129382,ma6,FALSE,FALSE,FALSE,TRUE
26,16.53,203,6.92,85,6.11,75,70.44,865,1228,47.84,138.5,27.91,81.78,24.25,71.42,291.7,100,0.000155562,ma6,FALSE,FALSE,FALSE,TRUE
27,19.38,238,1.95,24,2.28,28,76.38,938,1228,73.02,528.03,15.38,109.64,11.61,81.38,719.05,100,0.000530155,ma6,FALSE,FALSE,FALSE,FALSE
28,16.61,204,12.3,151,15.31,188,55.78,685,1228,28.09,105.04,42.04,168.44,29.87,113.32,386.8,100,0.000108208,ma6,FALSE,FALSE,FALSE,TRUE
29,37.21,457,7.57,93,5.78,71,49.43,607,1228,96.27,820.51,3.28,28.97,0.45,3.9,853.38,100,0.000432515,ma6,FALSE,FALSE,FALSE,FALSE
1,92.2,886,0.31,3,0.21,2,7.28,70,961,95.35,8205.65,2.4,202.24,2.24,190.67,8598.56,100,0.00344279,ma7,FALSE,FALSE,FALSE,FALSE
2,31.32,301,4.89,47,0.62,6,63.16,607,961,74.27,2363.24,16.29,549.28,9.45,329.79,3242.31,100,0.00131878,ma7,FALSE,FALSE,FALSE,FALSE
3,12.59,121,7.18,69,12.07,116,68.16,655,961,37.54,495.15,22.83,306.94,39.63,504.8,1306.89,100,0.000463431,ma7,FALSE,FALSE,FALSE,FALSE
4,55.98,538,4.58,44,1.25,12,38.19,367,961,87.95,987.69,7.53,88.04,4.52,47.91,1123.64,100,0.00107274,ma7,FALSE,FALSE,FALSE,FALSE
5,16.86,162,10.82,104,9.89,95,62.43,600,961,63.61,268.08,15.2,64.96,21.19,91.7,424.74,100,0.00038724,ma7,FALSE,FALSE,FALSE,FALSE
6,46.93,451,1.87,18,0.62,6,50.57,486,961,82.07,2060.53,11.3,262.45,6.63,154.57,2477.55,100,0.00121226,ma7,FALSE,FALSE,FALSE,FALSE
7,30.8,296,18.73,180,22.58,217,27.89,268,961,52.45,511.51,20.07,195.02,27.48,267.42,973.95,100,0.000230884,ma7,FALSE,FALSE,FALSE,FALSE
8,61.5,591,7.39,71,6.35,61,24.77,238,961,77.73,1161.4,13.41,200.47,8.86,133.36,1495.23,100,0.000731489,ma7,FALSE,FALSE,FALSE,FALSE
9,25.7,247,5.93,57,2.91,28,65.45,629,961,60.09,2247.5,22.11,772.7,17.8,657.01,3677.21,100,0.000988461,ma7,FALSE,FALSE,FALSE,FALSE
10,41.42,398,0.83,8,0.83,8,56.92,547,961,85.92,3202.1,5.92,213.18,8.16,291.4,3706.68,100,0.00175039,ma7,FALSE,FALSE,FALSE,FALSE
11,14.46,139,7.91,76,13.84,133,63.79,613,961,47.02,640.57,24.87,341.16,28.11,393.15,1374.88,100,0.000368829,ma7,FALSE,FALSE,FALSE,FALSE
12,14.05,135,11.34,109,12.49,120,62.12,597,961,37.31,311.8,29.12,243.19,33.57,280.02,835.01,100,0.000150247,ma7,FALSE,FALSE,FALSE,TRUE
13,32.47,312,10.09,97,8.22,79,49.22,473,961,60.39,480.91,19.11,152.58,20.5,163.75,797.24,100,0.000387815,ma7,FALSE,FALSE,FALSE,FALSE
14,63.06,606,4.47,43,3.75,36,28.72,276,961,86.01,1646.37,7.01,133.2,6.98,131.3,1910.87,100,0.000980468,ma7,FALSE,FALSE,FALSE,FALSE
15,30.59,294,0.52,5,0.94,9,67.95,653,961,74.89,1787.97,11.55,276.39,13.57,321.99,2386.35,100,0.00111888,ma7,FALSE,FALSE,FALSE,FALSE
16,26.64,256,4.68,45,3.43,33,65.24,627,961,65.75,444.3,19.27,129.08,14.98,99.76,673.14,100,0.000600072,ma7,FALSE,FALSE,FALSE,FALSE
17,5.72,55,4.06,39,2.6,25,87.62,842,961,38.55,423.5,29.87,332.73,31.58,343.56,1099.79,100,0.000412468,ma7,TRUE,FALSE,FALSE,FALSE
18,7.6,73,0.73,7,2.08,20,89.59,861,961,50.38,746.64,17.05,252.3,32.57,501.75,1500.69,100,0.000505645,ma7,FALSE,TRUE,FALSE,FALSE
19,9.68,93,2.6,25,8.84,85,78.88,758,961,36.22,354.79,14.7,147.32,49.08,523.8,1025.91,100,0.000366787,ma7,FALSE,FALSE,TRUE,FALSE
20,39.02,375,2.71,26,5.1,49,53.17,511,961,77.08,627.8,6.62,57.96,16.3,142.67,828.43,100,0.000898608,ma7,FALSE,FALSE,FALSE,FALSE
21,17.07,164,4.68,45,12.8,123,65.45,629,961,67.34,636.38,11.83,95.25,20.83,163.94,895.57,100,0.000246005,ma7,FALSE,FALSE,FALSE,FALSE
22,25.81,248,2.91,28,1.98,19,69.3,666,961,76.03,634.56,9.68,71.98,14.3,106.1,812.64,100,0.000572614,ma7,FALSE,FALSE,FALSE,FALSE
23,11.97,115,0.42,4,0.62,6,86.99,836,961,65.85,940.12,17.04,255.69,17.12,255.32,1451.13,100,0.000663615,ma7,FALSE,FALSE,FALSE,FALSE
24,10.3,99,3.33,32,2.08,20,84.29,810,961,52.95,459.24,26.63,211.09,20.42,176.89,847.22,100,0.000406988,ma7,FALSE,FALSE,FALSE,FALSE
25,6.76,65,7.7,74,9.05,87,76.48,735,961,44.55,147.38,26.31,89.06,29.14,94.46,330.9,100,0.000129382,ma7,FALSE,FALSE,FALSE,TRUE
26,11.86,114,5.83,56,7.6,73,74.71,718,961,45.56,78.62,32.03,56.19,22.41,40.19,175,100,0.000155562,ma7,FALSE,FALSE,FALSE,TRUE
27,20.71,199,2.6,25,1.14,11,75.55,726,961,79.55,486.79,12.25,75.59,8.2,47.44,609.82,100,0.000530155,ma7,FALSE,FALSE,FALSE,FALSE
28,17.69,170,9.89,95,14.05,135,58.38,561,961,28.38,85.42,39.87,120.55,31.75,91.03,297,100,0.000108208,ma7,FALSE,FALSE,FALSE,TRUE
29,36.42,350,7.49,72,13.53,130,42.56,409,961,71.95,430.6,12.89,80.51,15.16,93.68,604.79,100,0.000432515,ma7,FALSE,FALSE,FALSE,FALSE
1,86.26,565,1.07,7,0.15,1,12.52,82,655,88.18,7591.02,6.45,548.97,5.37,467.2,8607.19,100,0.00344279,mi1,FALSE,FALSE,FALSE,FALSE
2,41.83,274,4.27,28,0.46,3,53.44,350,655,73.15,3432.53,16.71,842.22,10.14,509.53,4784.28,100,0.00131878,mi1,FALSE,FALSE,FALSE,FALSE
3,22.29,146,6.26,41,14.81,97,56.64,371,655,39.36,708.93,18.65,334.3,41.99,749.84,1793.07,100,0.000463431,mi1,FALSE,FALSE,FALSE,FALSE
4,54.96,360,8.85,58,1.07,7,35.11,230,655,77.84,1264.56,13.62,218.72,8.53,135.73,1619.01,100,0.00107274,mi1,FALSE,FALSE,FALSE,FALSE
5,34.96,229,8.55,56,8.7,57,47.79,313,655,73.32,508.58,13.72,96.23,12.95,89.83,694.64,100,0.00038724,mi1,FALSE,FALSE,FALSE,FALSE
6,61.68,404,1.68,11,0.76,5,35.88,235,655,84.37,2408.54,9.39,235.78,6.24,164.62,2808.94,100,0.00121226,mi1,FALSE,FALSE,FALSE,FALSE
7,39.69,260,18.02,118,20.31,133,21.98,144,655,50.68,569.33,26.32,289.73,23.01,255.69,1114.75,100,0.000230884,mi1,FALSE,FALSE,FALSE,FALSE
8,71.76,470,5.19,34,5.95,39,17.1,112,655,82.97,1274.81,9.17,142.28,7.86,121.4,1538.49,100,0.000731489,mi1,FALSE,FALSE,FALSE,FALSE
9,29.16,191,4.89,32,4.27,28,61.68,404,655,56.69,2885.38,23.59,1178.67,19.72,994.04,5058.09,100,0.000988461,mi1,FALSE,FALSE,FALSE,FALSE
10,44.27,290,0.76,5,1.37,9,53.59,351,655,82.61,3892.57,7.28,345.12,10.11,468.86,4706.55,100,0.00175039,mi1,FALSE,FALSE,FALSE,FALSE
11,22.14,145,6.26,41,14.66,96,56.95,373,655,55.24,914.62,17.57,291.19,27.19,451.2,1657.01,100,0.000368829,mi1,FALSE,FALSE,FALSE,FALSE
12,18.32,120,11.3,74,15.11,99,55.27,362,655,29.38,260.9,36.13,323.18,34.49,308.64,892.72,100,0.000150247,mi1,FALSE,FALSE,FALSE,TRUE
13,37.71,247,8.7,57,11.45,75,42.14,276,655,61.91,598.82,18.3,177.76,19.79,192.33,968.91,100,0.000387815,mi1,FALSE,FALSE,FALSE,FALSE
14,72.06,472,1.98,13,2.44,16,23.51,154,655,91.62,2126.97,3.64,83.14,4.74,108.4,2318.51,100,0.000980468,mi1,FALSE,FALSE,FALSE,FALSE
15,24.89,163,1.22,8,1.37,9,72.52,475,655,65.29,1518.88,14.91,348.96,19.8,460.89,2328.73,100,0.00111888,mi1,FALSE,FALSE,FALSE,FALSE
16,29.16,191,4.27,28,3.82,25,62.75,411,655,68.87,476.82,15.19,105.61,15.94,110.59,693.02,100,0.000600072,mi1,FALSE,FALSE,FALSE,FALSE
17,9.47,62,4.43,29,1.68,11,84.43,553,655,42.22,565.02,30.04,413.71,27.75,377.64,1356.37,100,0.000412468,mi1,TRUE,FALSE,FALSE,FALSE
18,11.45,75,0.76,5,3.21,21,84.58,554,655,51.25,1019.74,17.76,347.63,31,626.88,1994.25,100,0.000505645,mi1,FALSE,TRUE,FALSE,FALSE
19,12.52,82,1.22,8,8.55,56,77.71,509,655,43.77,613.81,12.9,182.92,43.34,625.62,1422.35,100,0.000366787,mi1,FALSE,FALSE,TRUE,FALSE
20,41.53,272,4.58,30,7.33,48,46.56,305,655,67.11,793.02,15.84,192.86,17.06,202.01,1187.89,100,0.000898608,mi1,FALSE,FALSE,FALSE,FALSE
21,16.03,105,12.98,85,9.62,63,61.37,402,655,55.86,565.43,28.14,273.21,16,153.78,992.42,100,0.000246005,mi1,FALSE,FALSE,FALSE,FALSE
22,40,262,1.37,9,3.51,23,55.11,361,655,78.04,1044.94,11.48,143.25,10.47,126.54,1314.73,100,0.000572614,mi1,FALSE,FALSE,FALSE,FALSE
23,17.25,113,0.61,4,0.92,6,81.22,532,655,62.06,1365.02,16.36,373.33,21.58,486.53,2224.88,100,0.000663615,mi1,FALSE,FALSE,FALSE,FALSE
24,12.98,85,4.73,31,4.89,32,77.4,507,655,51.5,718.32,29,415.62,19.5,279.48,1413.42,100,0.000406988,mi1,FALSE,FALSE,FALSE,FALSE
25,8.7,57,11.15,73,10.84,71,69.31,454,655,42.39,324.95,27.35,203.75,30.26,220.43,749.13,100,0.000129382,mi1,FALSE,FALSE,FALSE,TRUE
26,15.57,102,10.84,71,11.91,78,61.68,404,655,50.31,205.37,26.08,106.55,23.61,97.14,409.06,100,0.000155562,mi1,FALSE,FALSE,FALSE,TRUE
27,30.08,197,2.44,16,1.83,12,65.65,430,655,74.69,862.51,14.52,165.22,10.8,123.83,1151.56,100,0.000530155,mi1,FALSE,FALSE,FALSE,FALSE
28,14.5,95,14.81,97,15.88,104,54.81,359,655,34.95,204.57,40.08,244.75,24.98,151.3,600.62,100,0.000108208,mi1,FALSE,FALSE,FALSE,TRUE
29,33.74,221,13.89,91,11.91,78,40.46,265,655,50.76,621.35,27.26,337.52,21.98,269.35,1228.22,100,0.000432515,mi1,FALSE,FALSE,FALSE,FALSE
1,82.11,78,4.21,4,1.05,1,12.63,12,95,83.1,978.79,8.24,92,8.67,104.71,1175.5,100,0.00344279,mi10,FALSE,FALSE,FALSE,FALSE
2,68.42,65,1.05,1,0,0,30.53,29,95,79.39,616.6,12.79,107.5,7.82,65.76,789.86,100,0.00131878,mi10,FALSE,FALSE,FALSE,FALSE
3,31.58,30,1.05,1,27.37,26,40,38,95,36.89,108.88,11.88,35.06,51.23,151.75,295.69,100,0.000463431,mi10,FALSE,FALSE,FALSE,FALSE
4,73.68,70,7.37,7,5.26,5,13.68,13,95,89.85,219.48,4.18,10.18,5.98,13.59,243.25,100,0.00107274,mi10,FALSE,FALSE,FALSE,FALSE
5,51.58,49,8.42,8,6.32,6,33.68,32,95,79.41,76.89,10.48,8.88,10.11,9.17,94.94,100,0.00038724,mi10,FALSE,FALSE,FALSE,FALSE
6,58.95,56,2.11,2,0,0,38.95,37,95,82.31,365.41,11.13,40.96,6.56,24.41,430.78,100,0.00121226,mi10,FALSE,FALSE,FALSE,FALSE
7,42.11,40,22.11,21,12.63,12,23.16,22,95,63.77,94.15,21.96,32.12,14.27,20.82,147.09,100,0.000230884,mi10,FALSE,FALSE,FALSE,FALSE
8,75.79,72,3.16,3,6.32,6,14.74,14,95,87.65,188.01,6.83,14.72,5.52,11.65,214.38,100,0.000731489,mi10,FALSE,FALSE,FALSE,FALSE
9,44.21,42,6.32,6,2.11,2,47.37,45,95,56.58,423.88,25.1,183.77,18.32,133.26,740.91,100,0.000988461,mi10,FALSE,FALSE,FALSE,FALSE
10,57.89,55,0,0,6.32,6,35.79,34,95,76.04,535.79,7.39,52.33,16.57,111.79,699.91,100,0.00175039,mi10,FALSE,FALSE,FALSE,FALSE
11,23.16,22,7.37,7,13.68,13,55.79,53,95,52.06,162.23,21.5,70.59,26.44,85.85,318.67,100,0.000368829,mi10,FALSE,FALSE,FALSE,FALSE
12,8.42,8,17.89,17,28.42,27,45.26,43,95,19.68,40.26,45.18,106.68,35.14,76.67,223.61,100,0.000150247,mi10,FALSE,FALSE,FALSE,TRUE
13,55.79,53,5.26,5,4.21,4,34.74,33,95,81.11,232.95,11.77,32.35,7.12,19.09,284.39,100,0.000387815,mi10,FALSE,FALSE,FALSE,FALSE
14,81.05,77,7.37,7,0,0,11.58,11,95,98.59,342.75,1.05,3.41,0.36,1.26,347.42,100,0.000980468,mi10,FALSE,FALSE,FALSE,FALSE
15,28.42,27,1.05,1,3.16,3,67.37,64,95,56.36,209.27,19.82,72.24,23.82,87.14,368.65,100,0.00111888,mi10,FALSE,FALSE,FALSE,FALSE
16,52.63,50,4.21,4,2.11,2,41.05,39,95,85.96,131.26,6.35,9.29,7.69,11.67,152.22,100,0.000600072,mi10,FALSE,FALSE,FALSE,FALSE
17,9.47,9,3.16,3,2.11,2,85.26,81,95,35.3,87.92,34.23,85.61,30.47,75.9,249.43,100,0.000412468,mi10,TRUE,FALSE,FALSE,FALSE
18,15.79,15,2.11,2,4.21,4,77.89,74,95,51.14,178.45,20.51,73.15,28.35,99.77,351.37,100,0.000505645,mi10,FALSE,TRUE,FALSE,FALSE
19,11.58,11,2.11,2,11.58,11,74.74,71,95,35.71,88.52,12.18,29.17,52.11,131.34,249.03,100,0.000366787,mi10,FALSE,FALSE,TRUE,FALSE
20,38.95,37,12.63,12,7.37,7,41.05,39,95,39.33,74.97,27.92,60.71,32.75,65.46,201.14,100,0.000898608,mi10,FALSE,FALSE,FALSE,FALSE
21,36.84,35,4.21,4,6.32,6,52.63,50,95,83.95,146.95,9.03,14.84,7.02,12.05,173.84,100,0.000246005,mi10,FALSE,FALSE,FALSE,FALSE
22,47.37,45,2.11,2,4.21,4,46.32,44,95,74.05,185.18,15.58,35.22,10.37,22.09,242.49,100,0.000572614,mi10,FALSE,FALSE,FALSE,FALSE
23,24.21,23,0,0,3.16,3,72.63,69,95,61.27,231.64,14.94,58.13,23.79,91.17,380.94,100,0.000663615,mi10,FALSE,FALSE,FALSE,FALSE
24,20,19,6.32,6,4.21,4,69.47,66,95,60.14,152.37,20.28,54.71,19.58,52.79,259.87,100,0.000406988,mi10,FALSE,FALSE,FALSE,FALSE
25,14.74,14,11.58,11,10.53,10,63.16,60,95,37.17,54.07,34.28,52.73,28.56,41.03,147.83,100,0.000129382,mi10,FALSE,FALSE,FALSE,TRUE
26,24.21,23,17.89,17,10.53,10,47.37,45,95,47.58,50.82,36.15,38.26,16.27,17.59,106.67,100,0.000155562,mi10,FALSE,FALSE,FALSE,TRUE
27,50.53,48,1.05,1,3.16,3,45.26,43,95,73.95,182.72,9.8,25.66,16.25,40.01,248.39,100,0.000530155,mi10,FALSE,FALSE,FALSE,FALSE
28,18.95,18,24.21,23,28.42,27,28.42,27,95,44.12,43.12,44.01,41.93,11.88,11.28,96.33,100,0.000108208,mi10,FALSE,FALSE,FALSE,TRUE
29,72.63,69,2.11,2,11.58,11,13.68,13,95,97.02,130.31,0.91,1.18,2.07,2.72,134.21,100,0.000432515,mi10,FALSE,FALSE,FALSE,FALSE
1,80.32,200,0.4,1,0,0,19.28,48,249,86.91,1938.5,7.41,164.79,5.68,131.19,2234.48,100,0.00344279,mi2,FALSE,FALSE,FALSE,FALSE
2,28.11,70,2.01,5,0,0,69.88,174,249,71.8,797.12,17.16,195.39,11.04,125.47,1117.98,100,0.00131878,mi2,FALSE,FALSE,FALSE,FALSE
3,17.67,44,4.82,12,4.02,10,73.49,183,249,38,139.35,27.5,105.12,34.5,126.01,370.48,100,0.000463431,mi2,FALSE,FALSE,FALSE,FALSE
4,49.4,123,4.42,11,0.8,2,45.38,113,249,83.68,216.92,10.47,26.81,5.85,14.91,258.64,100,0.00107274,mi2,FALSE,FALSE,FALSE,FALSE
5,16.87,42,10.84,27,13.65,34,58.63,146,249,56.6,69.49,21.22,26.59,22.18,28.04,124.12,100,0.00038724,mi2,FALSE,FALSE,FALSE,FALSE
6,64.26,160,1.2,3,0.8,2,33.73,84,249,84.62,721.16,8.56,67.58,6.82,59.51,848.25,100,0.00121226,mi2,FALSE,FALSE,FALSE,FALSE
7,34.14,85,23.29,58,20.08,50,22.49,56,249,44.4,169.66,30.87,117.59,24.73,95.6,382.85,100,0.000230884,mi2,FALSE,FALSE,FALSE,FALSE
8,63.05,157,6.83,17,8.84,22,21.29,53,249,70.64,323.19,15.96,74.24,13.4,61.98,459.41,100,0.000731489,mi2,FALSE,FALSE,FALSE,FALSE
9,24.9,62,6.83,17,2.41,6,65.86,164,249,56.98,770.94,23.72,312.06,19.3,265.93,1348.93,100,0.000988461,mi2,FALSE,FALSE,FALSE,FALSE
10,42.57,106,0,0,0,0,57.43,143,249,82.87,1212.58,7.02,101.04,10.11,146.5,1460.12,100,0.00175039,mi2,FALSE,FALSE,FALSE,FALSE
11,16.87,42,4.42,11,12.05,30,66.67,166,249,38.18,169.74,22.76,101.82,39.06,178.01,449.57,100,0.000368829,mi2,FALSE,FALSE,FALSE,FALSE
12,10.44,26,10.04,25,19.68,49,59.84,149,249,27.9,161.7,45.45,269.96,26.65,155.34,587,100,0.000150247,mi2,FALSE,FALSE,FALSE,TRUE
13,36.55,91,5.62,14,7.23,18,50.6,126,249,69.87,477.24,15.93,108.52,14.2,96.69,682.45,100,0.000387815,mi2,FALSE,FALSE,FALSE,FALSE
14,62.25,155,4.42,11,4.82,12,28.51,71,249,87.78,509.67,5.32,30.94,6.89,39.04,579.65,100,0.000980468,mi2,FALSE,FALSE,FALSE,FALSE
15,40.96,102,0,0,0.4,1,58.63,146,249,68.47,453.42,15.32,105.8,16.21,111.43,670.65,100,0.00111888,mi2,FALSE,FALSE,FALSE,FALSE
16,34.94,87,3.21,8,2.81,7,59.04,147,249,74.36,159.72,14.45,29.32,11.18,24.41,213.45,100,0.000600072,mi2,FALSE,FALSE,FALSE,FALSE
17,6.43,16,12.85,32,1.61,4,79.12,197,249,42.57,190.21,34.59,152.52,22.84,98.76,441.49,100,0.000412468,mi2,TRUE,FALSE,FALSE,FALSE
18,11.24,28,1.61,4,4.02,10,83.13,207,249,53.24,321.46,14.64,86.05,32.12,200.99,608.5,100,0.000505645,mi2,FALSE,TRUE,FALSE,FALSE
19,14.46,36,3.61,9,9.24,23,72.69,181,249,43.82,151.63,12.11,43.24,44.07,163.45,358.32,100,0.000366787,mi2,FALSE,FALSE,TRUE,FALSE
20,33.33,83,4.82,12,5.22,13,56.63,141,249,70.92,198.41,11.06,31.29,18.02,49.65,279.35,100,0.000898608,mi2,FALSE,FALSE,FALSE,FALSE
21,11.65,29,12.85,32,11.65,29,63.86,159,249,50.18,140.95,25.2,66.03,24.62,66.34,273.32,100,0.000246005,mi2,FALSE,FALSE,FALSE,FALSE
22,38.15,95,2.01,5,2.81,7,57.03,142,249,75.4,304.98,11.92,44.43,12.68,45.77,395.18,100,0.000572614,mi2,FALSE,FALSE,FALSE,FALSE
23,24.9,62,0.4,1,0.4,1,74.3,185,249,66.47,455.58,16.77,121.55,16.76,122.67,699.8,100,0.000663615,mi2,FALSE,FALSE,FALSE,FALSE
24,21.69,54,6.02,15,2.01,5,70.28,175,249,58.34,275.15,27.29,122.62,14.37,75.02,472.79,100,0.000406988,mi2,FALSE,FALSE,FALSE,FALSE
25,12.05,30,11.24,28,22.89,57,53.82,134,249,41.58,74.45,33.96,66.96,24.46,45.23,186.64,100,0.000129382,mi2,FALSE,FALSE,FALSE,TRUE
26,26.1,65,13.65,34,7.63,19,52.61,131,249,35.9,38.53,46.23,52.07,17.86,20.33,110.93,100,0.000155562,mi2,FALSE,FALSE,FALSE,TRUE
27,36.95,92,2.01,5,2.01,5,59.04,147,249,72.01,277.22,15.33,59.72,12.66,48.93,385.87,100,0.000530155,mi2,FALSE,FALSE,FALSE,FALSE
28,21.29,53,18.07,45,20.48,51,40.16,100,249,18.98,39.61,56.71,117.48,24.32,48.11,205.2,100,0.000108208,mi2,FALSE,FALSE,FALSE,TRUE
29,51.41,128,4.42,11,9.24,23,34.94,87,249,72.72,242.95,13.72,46.62,13.56,46.09,335.66,100,0.000432515,mi2,FALSE,FALSE,FALSE,FALSE
1,82.77,370,0.67,3,0.22,1,16.33,73,447,87.1,3751.59,7.44,324.16,5.46,243.59,4319.34,100,0.00344279,mi3,FALSE,FALSE,FALSE,FALSE
2,27.29,122,4.25,19,0.22,1,68.23,305,447,69.32,1660.34,19.75,504.13,10.93,282.55,2447.02,100,0.00131878,mi3,FALSE,FALSE,FALSE,FALSE
3,10.29,46,5.82,26,12.75,57,71.14,318,447,37.05,360.69,24.33,247.87,38.62,375.22,983.78,100,0.000463431,mi3,FALSE,FALSE,FALSE,FALSE
4,46.98,210,16.55,74,0.45,2,36.02,161,447,78.52,589.34,14.35,107.2,7.13,50.15,746.69,100,0.00107274,mi3,FALSE,FALSE,FALSE,FALSE
5,29.75,133,4.47,20,11.19,50,54.59,244,447,65.54,221.17,13.54,46.23,20.92,72.14,339.54,100,0.00038724,mi3,FALSE,FALSE,FALSE,FALSE
6,66,295,0.89,4,0.45,2,32.66,146,447,85.82,1814.87,8.33,158.75,5.85,112.71,2086.33,100,0.00121226,mi3,FALSE,FALSE,FALSE,FALSE
7,38.48,172,22.37,100,19.24,86,19.91,89,447,49.6,392.1,30.03,234.51,20.37,158.6,785.21,100,0.000230884,mi3,FALSE,FALSE,FALSE,FALSE
8,63.98,286,6.26,28,8.05,36,21.7,97,447,77.39,718.98,8.88,80.82,13.72,129.34,929.14,100,0.000731489,mi3,FALSE,FALSE,FALSE,FALSE
9,20.13,90,3.36,15,3.13,14,73.38,328,447,56.5,1559.49,25.42,657.94,18.09,490.97,2708.4,100,0.000988461,mi3,FALSE,FALSE,FALSE,FALSE
10,41.16,184,0,0,0.67,3,58.17,260,447,80.84,2017.41,7.99,202.48,11.17,274.22,2494.11,100,0.00175039,mi3,FALSE,FALSE,FALSE,FALSE
11,12.53,56,5.82,26,14.54,65,67.11,300,447,44.72,430.18,24.22,224.27,31.06,295.95,950.4,100,0.000368829,mi3,FALSE,FALSE,FALSE,FALSE
12,11.19,50,10.96,49,11.63,52,66.22,296,447,28.02,178.21,36.2,233.17,35.78,231.54,642.92,100,0.000150247,mi3,FALSE,FALSE,FALSE,TRUE
13,37.81,169,7.83,35,6.94,31,47.43,212,447,58.73,420.71,21.42,151.54,19.85,144.92,717.17,100,0.000387815,mi3,FALSE,FALSE,FALSE,FALSE
14,73.15,327,2.24,10,1.34,6,23.27,104,447,91.37,1133.5,4.1,49.06,4.53,55.74,1238.3,100,0.000980468,mi3,FALSE,FALSE,FALSE,FALSE
15,31.54,141,0.45,2,2.01,9,66,295,447,61.93,869.26,16.77,242.17,21.3,309.13,1420.56,100,0.00111888,mi3,FALSE,FALSE,FALSE,FALSE
16,26.62,119,2.68,12,3.8,17,66.89,299,447,63.74,292.46,16.82,76.86,19.44,87.75,457.07,100,0.000600072,mi3,FALSE,FALSE,FALSE,FALSE
17,10.96,49,6.04,27,2.24,10,80.76,361,447,42.84,384.99,31.13,278.27,26.03,231.93,895.19,100,0.000412468,mi3,TRUE,FALSE,FALSE,FALSE
18,11.86,53,0.22,1,1.12,5,86.8,388,447,51.98,649.41,16.92,203.5,31.1,392.97,1245.88,100,0.000505645,mi3,FALSE,TRUE,FALSE,FALSE
19,14.54,65,1.12,5,10.07,45,74.27,332,447,47.55,381.72,15.6,140.89,36.86,327.39,850,100,0.000366787,mi3,FALSE,FALSE,TRUE,FALSE
20,45.41,203,3.58,16,4.7,21,46.31,207,447,75.98,438.8,13.74,81.63,10.28,60.84,581.27,100,0.000898608,mi3,FALSE,FALSE,FALSE,FALSE
21,23.27,104,11.63,52,10.74,48,54.36,243,447,55.33,341.99,26.47,156.11,18.2,105.64,603.74,100,0.000246005,mi3,FALSE,FALSE,FALSE,FALSE
22,39.15,175,4.7,21,3.13,14,53.02,237,447,81.31,637.27,9.75,73.03,8.94,65.39,775.69,100,0.000572614,mi3,FALSE,FALSE,FALSE,FALSE
23,18.34,82,1.12,5,0.67,3,79.87,357,447,65.38,835.52,15.15,193.61,19.47,255.07,1284.2,100,0.000663615,mi3,FALSE,FALSE,FALSE,FALSE
24,22.15,99,4.7,21,4.25,19,68.9,308,447,50.13,398.46,26.74,211.92,23.13,186.01,796.39,100,0.000406988,mi3,FALSE,FALSE,FALSE,FALSE
25,12.98,58,9.62,43,12.75,57,64.65,289,447,51.52,199.6,18.93,72.37,29.55,111.57,383.54,100,0.000129382,mi3,FALSE,FALSE,FALSE,TRUE
26,19.46,87,12.98,58,12.75,57,54.81,245,447,39.58,82.31,26.34,55.51,34.08,72.02,209.84,100,0.000155562,mi3,FALSE,FALSE,FALSE,TRUE
27,29.31,131,0.89,4,4.03,18,65.77,294,447,73.92,494.33,11.96,82,14.12,96.38,672.71,100,0.000530155,mi3,FALSE,FALSE,FALSE,FALSE
28,20.58,92,13.42,60,18.34,82,47.65,213,447,41.27,192.84,30.72,144.86,28.01,129.1,466.8,100,0.000108208,mi3,FALSE,FALSE,FALSE,TRUE
29,39.37,176,12.98,58,11.63,52,36.02,161,447,62,399.63,17.63,114.98,20.37,132.44,647.05,100,0.000432515,mi3,FALSE,FALSE,FALSE,FALSE
1,83.99,299,1.4,5,0.28,1,14.33,51,356,87.71,3116.48,7.47,261.98,4.82,173.11,3551.57,100,0.00344279,mi4,FALSE,FALSE,FALSE,FALSE
2,30.9,110,4.49,16,0.56,2,64.04,228,356,66.96,1193.68,20.03,376.51,13.01,240.89,1811.08,100,0.00131878,mi4,FALSE,FALSE,FALSE,FALSE
3,13.76,49,4.49,16,14.61,52,67.13,239,356,35.04,267.21,20.72,168.23,44.24,338.22,773.66,100,0.000463431,mi4,FALSE,FALSE,FALSE,FALSE
4,52.81,188,7.3,26,0.56,2,39.33,140,356,73.61,416.34,21.08,110.59,5.31,29.53,556.46,100,0.00107274,mi4,FALSE,FALSE,FALSE,FALSE
5,23.88,85,12.08,43,12.36,44,51.69,184,356,53.92,179.05,23.65,76.72,22.43,71.65,327.42,100,0.00038724,mi4,FALSE,FALSE,FALSE,FALSE
6,61.52,219,0.84,3,0.56,2,37.08,132,356,84.43,1200.52,9.62,121,5.96,77.16,1398.68,100,0.00121226,mi4,FALSE,FALSE,FALSE,FALSE
7,33.99,121,19.66,70,23.31,83,23.03,82,356,45.58,211.57,27.81,127.5,26.6,122.94,462.01,100,0.000230884,mi4,FALSE,FALSE,FALSE,FALSE
8,62.92,224,6.74,24,10.11,36,20.22,72,356,76.52,505.04,10.13,67.15,13.35,88.07,660.26,100,0.000731489,mi4,FALSE,FALSE,FALSE,FALSE
9,15.17,54,6.74,24,3.09,11,75,267,356,48.92,1026.64,26.53,540.14,24.56,503.83,2070.61,100,0.000988461,mi4,FALSE,FALSE,FALSE,FALSE
10,41.57,148,0.28,1,0.28,1,57.87,206,356,80.27,1560.02,9.76,192.17,9.97,190.27,1942.46,100,0.00175039,mi4,FALSE,FALSE,FALSE,FALSE
11,16.01,57,6.46,23,16.57,59,60.96,217,356,52.96,410.23,18.52,139.1,28.51,218.82,768.15,100,0.000368829,mi4,FALSE,FALSE,FALSE,FALSE
12,12.36,44,13.2,47,16.85,60,57.58,205,356,30.66,140.5,37.85,175.84,31.5,147.14,463.48,100,0.000150247,mi4,FALSE,FALSE,FALSE,TRUE
13,45.79,163,6.18,22,5.34,19,42.7,152,356,70.01,377.55,16.75,92.08,13.24,70.9,540.53,100,0.000387815,mi4,FALSE,FALSE,FALSE,FALSE
14,70.22,250,2.25,8,3.65,13,23.88,85,356,84.71,834.03,7.74,75.29,7.55,74.78,984.1,100,0.000980468,mi4,FALSE,FALSE,FALSE,FALSE
15,17.98,64,0.56,2,1.97,7,79.49,283,356,56.14,609.48,19.77,223.06,24.09,265.29,1097.83,100,0.00111888,mi4,FALSE,FALSE,FALSE,FALSE
16,33.99,121,4.49,16,1.69,6,59.83,213,356,63.73,279.71,20.64,90.72,15.63,69,439.43,100,0.000600072,mi4,FALSE,FALSE,FALSE,FALSE
17,5.9,21,4.49,16,0.84,3,88.76,316,356,42.74,327.85,30.45,237.02,26.81,205.59,770.46,100,0.000412468,mi4,TRUE,FALSE,FALSE,FALSE
18,10.39,37,1.12,4,3.09,11,85.39,304,356,51.68,486.01,15.95,149.55,32.37,307.3,942.86,100,0.000505645,mi4,FALSE,TRUE,FALSE,FALSE
19,11.24,40,1.69,6,9.27,33,77.81,277,356,40.67,238.93,14,84.45,45.33,289.13,612.51,100,0.000366787,mi4,FALSE,FALSE,TRUE,FALSE
20,46.35,165,3.37,12,3.93,14,46.35,165,356,77.8,362.5,12.18,57.45,10.03,47.79,467.74,100,0.000898608,mi4,FALSE,FALSE,FALSE,FALSE
21,18.82,67,6.74,24,11.8,42,62.64,223,356,61.14,234.66,13.68,47.14,25.18,87.44,369.24,100,0.000246005,mi4,FALSE,FALSE,FALSE,FALSE
22,36.8,131,3.09,11,2.81,10,57.3,204,356,75.57,464.94,9.47,53.32,14.96,82.19,600.45,100,0.000572614,mi4,FALSE,FALSE,FALSE,FALSE
23,16.85,60,0.56,2,1.4,5,81.18,289,356,60.06,642.88,17.11,187.35,22.84,252.44,1082.67,100,0.000663615,mi4,FALSE,FALSE,FALSE,FALSE
24,12.08,43,4.78,17,2.81,10,80.34,286,356,51.96,377.89,27.88,203.46,20.16,148.76,730.11,100,0.000406988,mi4,FALSE,FALSE,FALSE,FALSE
25,12.08,43,10.96,39,9.55,34,67.42,240,356,37.05,135.64,29.22,106.46,33.74,123.4,365.5,100,0.000129382,mi4,FALSE,FALSE,FALSE,TRUE
26,19.1,68,10.11,36,11.52,41,59.27,211,356,57.6,149.7,24.02,62.29,18.38,49.04,261.03,100,0.000155562,mi4,FALSE,FALSE,FALSE,TRUE
27,27.81,99,1.4,5,1.12,4,69.66,248,356,76.02,406.49,14.06,73.87,9.92,51.83,532.19,100,0.000530155,mi4,FALSE,FALSE,FALSE,FALSE
28,18.26,65,17.7,63,19.38,69,44.66,159,356,30.81,112.51,30.75,114,38.44,145.53,372.04,100,0.000108208,mi4,FALSE,FALSE,FALSE,TRUE
29,49.72,177,8.71,31,10.67,38,30.9,110,356,66.02,410.67,21.07,133.27,12.91,82.64,626.58,100,0.000432515,mi4,FALSE,FALSE,FALSE,FALSE
1,70.78,109,1.95,3,0,0,27.27,42,154,80.06,1040.7,11.89,154.15,8.06,108.16,1303.01,100,0.00344279,mi5,FALSE,FALSE,FALSE,FALSE
2,24.68,38,4.55,7,0.65,1,70.13,108,154,67.23,527.23,18.25,152.39,14.52,118.17,797.79,100,0.00131878,mi5,FALSE,FALSE,FALSE,FALSE
3,14.94,23,3.25,5,7.14,11,74.68,115,154,42.88,156.16,20.39,75.59,36.72,136.22,367.97,100,0.000463431,mi5,FALSE,FALSE,FALSE,FALSE
4,46.75,72,5.84,9,1.3,2,46.1,71,154,66.5,179.22,22.36,61.04,11.14,29.27,269.53,100,0.00107274,mi5,FALSE,FALSE,FALSE,FALSE
5,24.68,38,9.09,14,10.39,16,55.84,86,154,65.11,76.24,16.23,18.46,18.66,21.24,115.94,100,0.00038724,mi5,FALSE,FALSE,FALSE,FALSE
6,61.69,95,2.6,4,2.6,4,33.12,51,154,80.69,561.27,10.11,67.1,9.2,61.94,690.31,100,0.00121226,mi5,FALSE,FALSE,FALSE,FALSE
7,31.82,49,20.78,32,21.43,33,25.97,40,154,41.73,159.28,28.3,106.61,29.97,114.29,380.18,100,0.000230884,mi5,FALSE,FALSE,FALSE,FALSE
8,66.23,102,6.49,10,4.55,7,22.73,35,154,76.51,336.89,14.65,64.28,8.83,38.94,440.11,100,0.000731489,mi5,FALSE,FALSE,FALSE,FALSE
9,13.64,21,3.25,5,2.6,4,80.52,124,154,44.87,384.64,30.33,253.65,24.8,213.21,851.5,100,0.000988461,mi5,FALSE,FALSE,FALSE,FALSE
10,24.03,37,0,0,1.95,3,74.03,114,154,69.33,552.39,10.22,79.58,20.45,145.06,777.03,100,0.00175039,mi5,FALSE,FALSE,FALSE,FALSE
11,17.53,27,3.9,6,7.79,12,70.78,109,154,61.43,253.69,18.12,72.38,20.45,84.91,410.98,100,0.000368829,mi5,FALSE,FALSE,FALSE,FALSE
12,16.23,25,12.34,19,14.94,23,56.49,87,154,29.76,73.75,30.64,75.59,39.59,98.57,247.91,100,0.000150247,mi5,FALSE,FALSE,FALSE,TRUE
13,39.61,61,7.14,11,7.79,12,45.45,70,154,71.32,154.98,13.71,29.97,14.97,33.45,218.4,100,0.000387815,mi5,FALSE,FALSE,FALSE,FALSE
14,53.25,82,12.99,20,1.95,3,31.82,49,154,68.19,340.76,25.01,128.15,6.8,34.12,503.03,100,0.000980468,mi5,FALSE,FALSE,FALSE,FALSE
15,11.69,18,2.6,4,1.3,2,84.42,130,154,56.27,248.22,21.02,93.19,22.71,104.81,446.22,100,0.00111888,mi5,FALSE,FALSE,FALSE,FALSE
16,38.31,59,1.95,3,3.25,5,56.49,87,154,74.58,165.52,10.29,22.54,15.13,32.7,220.76,100,0.000600072,mi5,FALSE,FALSE,FALSE,FALSE
17,5.19,8,3.9,6,5.19,8,85.71,132,154,40.75,147.71,27.16,97.89,32.08,117.02,362.62,100,0.000412468,mi5,TRUE,FALSE,FALSE,FALSE
18,8.44,13,1.95,3,5.19,8,84.42,130,154,46.41,265.88,17.89,103.56,35.69,211.41,580.85,100,0.000505645,mi5,FALSE,TRUE,FALSE,FALSE
19,14.94,23,1.3,2,10.39,16,73.38,113,154,51.27,188.62,12.68,44.6,36.06,135.9,369.12,100,0.000366787,mi5,FALSE,FALSE,TRUE,FALSE
20,46.1,71,1.95,3,3.9,6,48.05,74,154,82.24,163.39,7.27,14.09,10.49,20.88,198.36,100,0.000898608,mi5,FALSE,FALSE,FALSE,FALSE
21,20.13,31,9.74,15,14.29,22,55.84,86,154,42.2,97.14,19.29,43.69,38.5,85.79,226.62,100,0.000246005,mi5,FALSE,FALSE,FALSE,FALSE
22,44.16,68,1.3,2,1.95,3,52.6,81,154,83.27,313.96,8.72,27.01,8.01,28.11,369.08,100,0.000572614,mi5,FALSE,FALSE,FALSE,FALSE
23,15.58,24,1.3,2,0.65,1,82.47,127,154,62.9,301.21,16.98,84.03,20.12,96.94,482.18,100,0.000663615,mi5,FALSE,FALSE,FALSE,FALSE
24,15.58,24,1.95,3,1.95,3,80.52,124,154,48.62,152.11,31.48,96.01,19.9,61.96,310.08,100,0.000406988,mi5,FALSE,FALSE,FALSE,FALSE
25,10.39,16,8.44,13,13.64,21,67.53,104,154,39.02,70.71,19.42,37.34,41.56,77.16,185.21,100,0.000129382,mi5,FALSE,FALSE,FALSE,TRUE
26,21.43,33,13.64,21,9.74,15,55.19,85,154,44.3,37.51,39.14,33.61,16.56,14.02,85.14,100,0.000155562,mi5,FALSE,FALSE,FALSE,TRUE
27,33.77,52,2.6,4,1.3,2,62.34,96,154,76.87,232.15,12.02,36.33,11.11,34.34,302.82,100,0.000530155,mi5,FALSE,FALSE,FALSE,FALSE
28,18.83,29,18.18,28,27.92,43,35.06,54,154,34.94,56.34,36.12,58.09,28.94,45.2,159.63,100,0.000108208,mi5,FALSE,FALSE,FALSE,TRUE
29,65.58,101,2.6,4,6.49,10,25.32,39,154,99.48,259.31,0,0,0.52,1.18,260.49,100,0.000432515,mi5,FALSE,FALSE,FALSE,FALSE
1,87.31,337,0.52,2,0,0,12.18,47,386,86.99,3736.22,7.22,304.21,5.79,252.85,4293.28,100,0.00344279,mi6,FALSE,FALSE,FALSE,FALSE
2,12.69,49,11.14,43,0.26,1,75.91,293,386,55.08,1028.99,34.02,651.51,10.9,208.63,1889.13,100,0.00131878,mi6,FALSE,FALSE,FALSE,FALSE
3,3.89,15,3.89,15,9.59,37,82.64,319,386,30.89,228.78,21.56,160.8,47.56,331.36,720.94,100,0.000463431,mi6,FALSE,FALSE,FALSE,FALSE
4,26.42,102,7.77,30,0.78,3,65.03,251,386,53.05,241.01,33.3,150.29,13.65,58.99,450.29,100,0.00107274,mi6,FALSE,FALSE,FALSE,FALSE
5,15.03,58,2.07,8,4.4,17,78.5,303,386,61.66,132.49,17.49,37.1,20.85,43.74,213.33,100,0.00038724,mi6,FALSE,FALSE,FALSE,FALSE
6,65.54,253,0.26,1,0.26,1,33.94,131,386,88.63,2000.73,6.85,127.35,4.52,87.64,2215.72,100,0.00121226,mi6,FALSE,FALSE,FALSE,FALSE
7,34.46,133,17.62,68,22.54,87,25.39,98,386,49.16,344.07,24.29,168.91,26.54,184.59,697.57,100,0.000230884,mi6,FALSE,FALSE,FALSE,FALSE
8,62.44,241,7.77,30,9.59,37,20.21,78,386,67.56,735.91,15.97,175.72,16.47,183.26,1094.89,100,0.000731489,mi6,FALSE,FALSE,FALSE,FALSE
9,8.03,31,3.63,14,1.3,5,87.05,336,386,49.51,1066.34,30.82,547.28,19.67,388.51,2002.13,100,0.000988461,mi6,FALSE,FALSE,FALSE,FALSE
10,21.5,83,0,0,1.3,5,77.2,298,386,76.29,1493.03,9.74,181.9,13.96,240.73,1915.66,100,0.00175039,mi6,FALSE,FALSE,FALSE,FALSE
11,13.21,51,4.4,17,11.92,46,70.47,272,386,50.31,399.81,18.73,147.39,30.97,247.94,795.14,100,0.000368829,mi6,FALSE,FALSE,FALSE,FALSE
12,10.62,41,11.4,44,12.69,49,65.28,252,386,29.38,163.78,42.75,243.19,27.87,153.95,560.92,100,0.000150247,mi6,FALSE,FALSE,FALSE,TRUE
13,36.79,142,9.07,35,9.33,36,44.82,173,386,66.01,363.53,18.78,101.96,15.21,83.11,548.6,100,0.000387815,mi6,FALSE,FALSE,FALSE,FALSE
14,68.91,266,2.85,11,1.3,5,26.94,104,386,85.22,962.85,8.45,94.44,6.33,70.59,1127.88,100,0.000980468,mi6,FALSE,FALSE,FALSE,FALSE
15,12.18,47,0.26,1,1.3,5,86.27,333,386,55.79,563.6,19.45,209.85,24.76,257.69,1031.14,100,0.00111888,mi6,FALSE,FALSE,FALSE,FALSE
16,25.13,97,3.37,13,4.66,18,66.84,258,386,61.13,233.63,19.69,73.77,19.17,69.69,377.09,100,0.000600072,mi6,FALSE,FALSE,FALSE,FALSE
17,7.25,28,1.81,7,2.85,11,88.08,340,386,44.39,324.27,25.5,188.49,30.11,219.42,732.18,100,0.000412468,mi6,TRUE,FALSE,FALSE,FALSE
18,11.4,44,1.04,4,2.59,10,84.97,328,386,46.69,485.6,16.76,167.63,36.55,402.14,1055.37,100,0.000505645,mi6,FALSE,TRUE,FALSE,FALSE
19,8.81,34,3.89,15,8.81,34,78.5,303,386,39.06,239.47,15.03,94.99,45.91,317.82,652.28,100,0.000366787,mi6,FALSE,FALSE,TRUE,FALSE
20,43.26,167,4.15,16,4.92,19,47.67,184,386,72.83,379.98,15.53,83.83,11.63,59.88,523.69,100,0.000898608,mi6,FALSE,FALSE,FALSE,FALSE
21,24.61,95,6.22,24,8.81,34,60.36,233,386,72.31,292.3,14.86,52.78,12.83,47.88,392.96,100,0.000246005,mi6,FALSE,FALSE,FALSE,FALSE
22,37.82,146,2.59,10,2.85,11,56.74,219,386,79.55,537.51,11.06,66.2,9.39,56.33,660.04,100,0.000572614,mi6,FALSE,FALSE,FALSE,FALSE
23,22.02,85,0.78,3,0.26,1,76.94,297,386,66.33,714.48,15.27,171.34,18.4,207.77,1093.59,100,0.000663615,mi6,FALSE,FALSE,FALSE,FALSE
24,12.69,49,8.03,31,2.85,11,76.42,295,386,47.66,315.49,32.4,219.26,19.93,134.85,669.6,100,0.000406988,mi6,FALSE,FALSE,FALSE,FALSE
25,10.62,41,12.95,50,11.14,43,65.28,252,386,43.47,128.93,32.54,94.88,23.99,70,293.81,100,0.000129382,mi6,FALSE,FALSE,FALSE,TRUE
26,17.88,69,6.99,27,12.18,47,62.95,243,386,40.18,77.19,29.64,57.58,30.18,58.92,193.69,100,0.000155562,mi6,FALSE,FALSE,FALSE,TRUE
27,33.16,128,2.59,10,1.04,4,63.21,244,386,73.39,400.38,13.98,74.94,12.64,67.77,543.09,100,0.000530155,mi6,FALSE,FALSE,FALSE,FALSE
28,23.32,90,16.06,62,20.73,80,39.9,154,386,32.61,92.17,37.88,114.31,29.51,86.76,293.24,100,0.000108208,mi6,FALSE,FALSE,FALSE,TRUE
29,58.29,225,5.7,22,8.81,34,27.2,105,386,88.41,366.25,5.85,24.19,5.74,23.97,414.41,100,0.000432515,mi6,FALSE,FALSE,FALSE,FALSE
1,87.79,374,1.88,8,0.23,1,10.09,43,426,89.75,5429.99,5.93,357.05,4.31,264.78,6051.82,100,0.00344279,mi7,FALSE,FALSE,FALSE,FALSE
2,62.21,265,3.99,17,0.23,1,33.57,143,426,77.27,2299.25,13.91,441.5,8.83,278.47,3019.22,100,0.00131878,mi7,FALSE,FALSE,FALSE,FALSE
3,40.14,171,4.69,20,18.54,79,36.62,156,426,51.1,564.31,14.4,160.48,34.5,383.74,1108.53,100,0.000463431,mi7,FALSE,FALSE,FALSE,FALSE
4,78.4,334,5.16,22,0.94,4,15.49,66,426,83.55,707.16,12.23,104.24,4.22,32.67,844.07,100,0.00107274,mi7,FALSE,FALSE,FALSE,FALSE
5,47.65,203,11.74,50,12.44,53,28.17,120,426,83.2,352.1,9.62,39.26,7.17,29.65,421.01,100,0.00038724,mi7,FALSE,FALSE,FALSE,FALSE
6,75.82,323,0.7,3,1.41,6,22.07,94,426,83.17,1585.88,9.7,178,7.13,128.54,1892.42,100,0.00121226,mi7,FALSE,FALSE,FALSE,FALSE
7,37.79,161,21.36,91,21.6,92,19.25,82,426,43.52,379.17,27,233.33,29.49,253.27,865.77,100,0.000230884,mi7,FALSE,FALSE,FALSE,FALSE
8,63.15,269,12.21,52,6.57,28,18.08,77,426,71.6,752.2,14.33,151.56,14.07,148.53,1052.29,100,0.000731489,mi7,FALSE,FALSE,FALSE,FALSE
9,46.48,198,5.16,22,4.69,20,43.66,186,426,61.08,1851.73,21.54,641.98,17.38,524.06,3017.77,100,0.000988461,mi7,FALSE,FALSE,FALSE,FALSE
10,53.52,228,0.23,1,0.47,2,45.77,195,426,86.75,2541.06,5.83,168.6,7.42,214.94,2924.6,100,0.00175039,mi7,FALSE,FALSE,FALSE,FALSE
11,19.95,85,5.63,24,18.08,77,56.34,240,426,47.49,390.8,19.58,161.3,32.93,273.16,825.26,100,0.000368829,mi7,FALSE,FALSE,FALSE,FALSE
12,15.73,67,11.27,48,20.66,88,52.35,223,426,26.81,134.75,30.2,153.84,42.99,218.28,506.87,100,0.000150247,mi7,FALSE,FALSE,FALSE,TRUE
13,46.95,200,7.51,32,8.45,36,37.09,158,426,66.72,365.24,17.15,93.98,16.13,89.31,548.53,100,0.000387815,mi7,FALSE,FALSE,FALSE,FALSE
14,74.88,319,2.35,10,2.58,11,20.19,86,426,91.08,1133.76,3.33,41.39,5.59,69.35,1244.5,100,0.000980468,mi7,FALSE,FALSE,FALSE,FALSE
15,27.46,117,0.7,3,3.05,13,68.78,293,426,64.47,920.48,15.4,213.45,20.13,268.63,1402.56,100,0.00111888,mi7,FALSE,FALSE,FALSE,FALSE
16,35.21,150,10.09,43,4.23,18,50.47,215,426,63.01,316.12,21.65,108.78,15.33,77.02,501.92,100,0.000600072,mi7,FALSE,FALSE,FALSE,FALSE
17,14.08,60,1.88,8,2.82,12,81.22,346,426,43.83,386.92,24.89,223.77,31.29,288.45,899.14,100,0.000412468,mi7,TRUE,FALSE,FALSE,FALSE
18,9.39,40,1.41,6,1.88,8,87.32,372,426,46.27,588.7,16.22,194.51,37.52,498.58,1281.79,100,0.000505645,mi7,FALSE,TRUE,FALSE,FALSE
19,8.45,36,1.88,8,22.07,94,67.61,288,426,31.47,267.51,14.39,137.52,54.14,532.06,937.09,100,0.000366787,mi7,FALSE,FALSE,TRUE,FALSE
20,55.63,237,3.29,14,2.11,9,38.97,166,426,82.55,664.28,9.03,72.36,8.42,67.58,804.22,100,0.000898608,mi7,FALSE,FALSE,FALSE,FALSE
21,21.6,92,7.04,30,9.15,39,62.21,265,426,62.58,479.53,12.38,85.36,25.04,161.63,726.52,100,0.000246005,mi7,FALSE,FALSE,FALSE,FALSE
22,48.36,206,1.64,7,1.88,8,48.12,205,426,81.26,718.39,7.95,60.96,10.8,82.23,861.58,100,0.000572614,mi7,FALSE,FALSE,FALSE,FALSE
23,26.06,111,1.17,5,1.17,5,71.6,305,426,64.63,780.52,14.98,177.29,20.4,245.93,1203.74,100,0.000663615,mi7,FALSE,FALSE,FALSE,FALSE
24,15.02,64,11.03,47,4.46,19,69.48,296,426,43.39,350.65,36.97,290.15,19.64,155.36,796.16,100,0.000406988,mi7,FALSE,FALSE,FALSE,FALSE
25,11.97,51,14.08,60,9.15,39,64.79,276,426,42.45,172.11,27.77,110.41,29.78,113.12,395.64,100,0.000129382,mi7,FALSE,FALSE,FALSE,TRUE
26,27,115,10.09,43,10.09,43,52.82,225,426,42.76,115.59,25.16,68.94,32.08,87.29,271.82,100,0.000155562,mi7,FALSE,FALSE,FALSE,TRUE
27,36.85,157,2.11,9,2.35,10,58.69,250,426,76.17,545.29,12.75,88.79,11.07,73.96,708.04,100,0.000530155,mi7,FALSE,FALSE,FALSE,FALSE
28,27,115,16.9,72,16.43,70,39.67,169,426,39.88,103.09,28.62,73.92,31.5,81.66,258.67,100,0.000108208,mi7,FALSE,FALSE,FALSE,TRUE
29,53.99,230,10.8,46,9.86,42,25.35,108,426,81.36,257.87,6.9,21.1,11.73,37.29,316.26,100,0.000432515,mi7,FALSE,FALSE,FALSE,FALSE
1,83.25,482,0.69,4,0.52,3,15.54,90,579,88.46,6078.65,6.22,421.27,5.32,371.89,6871.81,100,0.00344279,mi8,FALSE,FALSE,FALSE,FALSE
2,27.98,162,1.9,11,0.52,3,69.6,403,579,74.64,2234.04,15.61,445.62,9.74,287.13,2966.79,100,0.00131878,mi8,FALSE,FALSE,FALSE,FALSE
3,12.44,72,4.15,24,9.15,53,74.27,430,579,40.2,477.35,18.83,216.62,40.98,428.52,1122.49,100,0.000463431,mi8,FALSE,FALSE,FALSE,FALSE
4,31.61,183,27.12,157,0.69,4,40.59,235,579,62.98,429.98,28.76,193.52,8.26,55.76,679.26,100,0.00107274,mi8,FALSE,FALSE,FALSE,FALSE
5,36.44,211,5.01,29,5.7,33,52.85,306,579,74.48,329.23,11.6,50.29,13.92,60.66,440.18,100,0.00038724,mi8,FALSE,FALSE,FALSE,FALSE
6,71.16,412,0.86,5,0.35,2,27.63,160,579,85.95,2118.82,7.8,174.16,6.25,144.7,2437.68,100,0.00121226,mi8,FALSE,FALSE,FALSE,FALSE
7,43.7,253,18.65,108,20.21,117,17.44,101,579,52.47,489.13,21.29,193.54,26.24,237.67,920.34,100,0.000230884,mi8,FALSE,FALSE,FALSE,FALSE
8,67.18,389,9.15,53,4.66,27,19,110,579,73.22,916.86,15.69,197.9,11.09,138.7,1253.46,100,0.000731489,mi8,FALSE,FALSE,FALSE,FALSE
9,27.12,157,5.35,31,1.21,7,66.32,384,579,61.3,2273.76,22.43,791.19,16.27,608.07,3673.02,100,0.000988461,mi8,FALSE,FALSE,FALSE,FALSE
10,45.25,262,0.17,1,1.21,7,53.37,309,579,81.79,2907.72,7.82,266.51,10.38,332.46,3506.69,100,0.00175039,mi8,FALSE,FALSE,FALSE,FALSE
11,18.13,105,3.45,20,16.06,93,62.35,361,579,48.72,572.96,21.06,245.86,30.22,352.1,1170.92,100,0.000368829,mi8,FALSE,FALSE,FALSE,FALSE
12,15.89,92,12.26,71,12.78,74,59.07,342,579,27.77,232.98,35.3,299.74,36.94,309.58,842.3,100,0.000150247,mi8,FALSE,FALSE,FALSE,TRUE
13,46.29,268,9.15,53,8.29,48,36.27,210,579,69.43,643.91,13.43,124.84,17.14,157.88,926.63,100,0.000387815,mi8,FALSE,FALSE,FALSE,FALSE
14,70.98,411,3.45,20,2.76,16,22.8,132,579,86.91,1601.8,7.35,133.9,5.75,105.62,1841.32,100,0.000980468,mi8,FALSE,FALSE,FALSE,FALSE
15,39.21,227,0.17,1,1.73,10,58.89,341,579,66.63,1103.08,15.15,256.35,18.22,302.16,1661.59,100,0.00111888,mi8,FALSE,FALSE,FALSE,FALSE
16,38.86,225,5.01,29,6.91,40,49.22,285,579,74.74,400.18,13.76,72.56,11.5,61.02,533.76,100,0.000600072,mi8,FALSE,FALSE,FALSE,FALSE
17,15.89,92,7.08,41,4.15,24,72.88,422,579,45.19,455.84,29.26,295.21,25.55,255.71,1006.76,100,0.000412468,mi8,TRUE,FALSE,FALSE,FALSE
18,18.31,106,1.55,9,3.28,19,76.86,445,579,54.07,869.57,17.61,279.87,28.32,455.78,1605.22,100,0.000505645,mi8,FALSE,TRUE,FALSE,FALSE
19,15.2,88,5.18,30,11.05,64,68.57,397,579,38.51,395.93,15.65,161.67,45.85,503.23,1060.83,100,0.000366787,mi8,FALSE,FALSE,TRUE,FALSE
20,48.88,283,5.01,29,4.15,24,41.97,243,579,74.17,593.05,14.13,114.2,11.71,94.33,801.58,100,0.000898608,mi8,FALSE,FALSE,FALSE,FALSE
21,25.04,145,12.44,72,9.5,55,53.02,307,579,77.99,563.91,13.87,92.37,8.14,53.75,710.03,100,0.000246005,mi8,FALSE,FALSE,FALSE,FALSE
22,49.74,288,2.59,15,2.59,15,45.08,261,579,81.6,992.97,10.42,112.91,7.98,84.5,1190.38,100,0.000572614,mi8,FALSE,FALSE,FALSE,FALSE
23,24.18,140,2.94,17,2.25,13,70.64,409,579,67.28,1094.54,13.82,236.74,18.9,321.67,1652.95,100,0.000663615,mi8,FALSE,FALSE,FALSE,FALSE
24,23.32,135,5.53,32,4.15,24,67.01,388,579,55.63,577.56,26.01,265.42,18.36,187.48,1030.46,100,0.000406988,mi8,FALSE,FALSE,FALSE,FALSE
25,14.16,82,13.13,76,13.3,77,59.41,344,579,46.88,243.92,24.78,129.12,28.34,147.07,520.11,100,0.000129382,mi8,FALSE,FALSE,FALSE,TRUE
26,20.38,118,14.34,83,11.92,69,53.37,309,579,33.26,106.79,39.97,128.82,26.77,83.59,319.2,100,0.000155562,mi8,FALSE,FALSE,FALSE,TRUE
27,44.91,260,0.86,5,1.9,11,52.33,303,579,79.83,778.92,11.06,107.15,9.11,89.82,975.89,100,0.000530155,mi8,FALSE,FALSE,FALSE,FALSE
28,22.11,128,13.99,81,21.24,123,42.66,247,579,26.46,100.1,42.53,159.81,31.01,111.88,371.79,100,0.000108208,mi8,FALSE,FALSE,FALSE,TRUE
29,37.82,219,16.23,94,7.77,45,38.17,221,579,66.16,247.53,19.39,71.8,14.45,56.41,375.74,100,0.000432515,mi8,FALSE,FALSE,FALSE,FALSE
1,78.05,32,2.44,1,0,0,19.51,8,41,81.09,392.26,10.18,49.97,8.72,46.08,488.31,100,0.00344279,mi9,FALSE,FALSE,FALSE,FALSE
2,21.95,9,2.44,1,0,0,75.61,31,41,61.24,165.32,24.49,63.69,14.27,37.55,266.56,100,0.00131878,mi9,FALSE,FALSE,FALSE,FALSE
3,9.76,4,12.2,5,14.63,6,63.41,26,41,29.77,30.23,33.33,33.1,36.9,37.66,100.99,100,0.000463431,mi9,FALSE,FALSE,FALSE,FALSE
4,53.66,22,0,0,0,0,46.34,19,41,74.57,68.1,13.3,12.81,12.13,10.72,91.63,100,0.00107274,mi9,FALSE,FALSE,FALSE,FALSE
5,24.39,10,9.76,4,0,0,65.85,27,41,60.48,17.86,26.2,7.95,13.31,4.1,29.91,100,0.00038724,mi9,FALSE,FALSE,FALSE,FALSE
6,78.05,32,0,0,0,0,21.95,9,41,84.57,191.01,9.24,19.82,6.19,13.58,224.41,100,0.00121226,mi9,FALSE,FALSE,FALSE,FALSE
7,21.95,9,34.15,14,21.95,9,21.95,9,41,47.31,39.81,29.86,21.76,22.83,18.48,80.05,100,0.000230884,mi9,FALSE,FALSE,FALSE,FALSE
8,60.98,25,17.07,7,7.32,3,14.63,6,41,46.56,61.75,33.77,46.08,19.67,26.61,134.44,100,0.000731489,mi9,FALSE,FALSE,FALSE,FALSE
9,21.95,9,0,0,2.44,1,75.61,31,41,57.96,189.5,23.37,65.42,18.67,61.47,316.39,100,0.000988461,mi9,FALSE,FALSE,FALSE,FALSE
10,24.39,10,0,0,4.88,2,70.73,29,41,59.23,166.2,9.28,26.13,31.5,78.2,270.53,100,0.00175039,mi9,FALSE,FALSE,FALSE,FALSE
11,19.51,8,4.88,2,7.32,3,68.29,28,41,67.16,101.56,16.19,23.15,16.65,23.52,148.23,100,0.000368829,mi9,FALSE,FALSE,FALSE,FALSE
12,14.63,6,9.76,4,17.07,7,58.54,24,41,25.64,10.69,37.01,15.69,37.35,17.46,43.84,100,0.000150247,mi9,FALSE,FALSE,FALSE,TRUE
13,29.27,12,9.76,4,14.63,6,46.34,19,41,51.15,30.79,17.37,9.93,31.48,18.97,59.69,100,0.000387815,mi9,FALSE,FALSE,FALSE,FALSE
14,70.73,29,0,0,2.44,1,26.83,11,41,81.67,179.36,16.38,37.12,1.95,3.95,220.43,100,0.000980468,mi9,FALSE,FALSE,FALSE,FALSE
15,9.76,4,0,0,0,0,90.24,37,41,64.17,96.4,13.79,22.25,22.04,33.74,152.39,100,0.00111888,mi9,FALSE,FALSE,FALSE,FALSE
16,46.34,19,2.44,1,2.44,1,48.78,20,41,85.53,54.4,6.1,4.18,8.38,5.37,63.95,100,0.000600072,mi9,FALSE,FALSE,FALSE,FALSE
17,4.88,2,0,0,2.44,1,92.68,38,41,35.8,35.94,31.23,31.96,32.97,33.38,101.28,100,0.000412468,mi9,TRUE,FALSE,FALSE,FALSE
18,4.88,2,0,0,9.76,4,85.37,35,41,46.05,55.85,12.47,14.13,41.48,52.01,121.99,100,0.000505645,mi9,FALSE,TRUE,FALSE,FALSE
19,9.76,4,4.88,2,14.63,6,70.73,29,41,40.63,31.85,16.86,13.39,42.51,36.21,81.45,100,0.000366787,mi9,FALSE,FALSE,TRUE,FALSE
20,31.71,13,0,0,7.32,3,60.98,25,41,55.39,29.63,13.78,7.4,30.84,17.73,54.76,100,0.000898608,mi9,FALSE,FALSE,FALSE,FALSE
21,14.63,6,4.88,2,9.76,4,70.73,29,41,60.22,36.19,20.24,10,19.53,9.36,55.55,100,0.000246005,mi9,FALSE,FALSE,FALSE,FALSE
22,43.9,18,0,0,0,0,56.1,23,41,82.41,61.69,9.98,6.27,7.61,4.96,72.92,100,0.000572614,mi9,FALSE,FALSE,FALSE,FALSE
23,26.83,11,0,0,7.32,3,65.85,27,41,58.78,87.34,11.89,17.52,29.33,43.61,148.47,100,0.000663615,mi9,FALSE,FALSE,FALSE,FALSE
24,53.66,22,0,0,4.88,2,41.46,17,41,88.08,120.37,8.31,11.71,3.61,5.07,137.15,100,0.000406988,mi9,FALSE,FALSE,FALSE,FALSE
25,12.2,5,7.32,3,34.15,14,46.34,19,41,38.68,8.14,19.02,4.25,42.3,8.67,21.06,100,0.000129382,mi9,FALSE,FALSE,FALSE,TRUE
26,36.59,15,7.32,3,12.2,5,43.9,18,41,75.93,12.05,14.81,2.23,9.27,1.19,15.47,100,0.000155562,mi9,FALSE,FALSE,FALSE,TRUE
27,51.22,21,4.88,2,4.88,2,39.02,16,41,93.26,85.69,5.8,5.49,0.95,0.95,92.13,100,0.000530155,mi9,FALSE,FALSE,FALSE,FALSE
28,31.71,13,21.95,9,26.83,11,19.51,8,41,15.44,1.75,56.73,7.88,27.83,3.29,12.92,100,0.000108208,mi9,FALSE,FALSE,FALSE,TRUE
29,48.78,20,7.32,3,2.44,1,41.46,17,41,100,31.82,0,0,0,0,31.82,100,0.000432515,mi9,FALSE,FALSE,FALSE,FALSE